UnitID,Institution Name,year,Post-covid,Control of institution (HD2023),Carnegie Classification 2025: Institutional Classification (HD2024),Carnegie Classification 2025: Research Activity Designation (HD2024),Carnegie Classification 2025: Institutional Size (HD2024),State abbreviation (HD2022),Full-time retention rate,Percent Admitted,Admission yield,Graduation rate total cohort,Graduation rate - within 4 years total,Total 12-month unduplicated headcount,Instruction expenses per FTE,School Type,expense_group,treat,Post_2017,year_rel
143084,Augustana College,2014,0,2,5,NA,2,IL,83,49,20,74,71,2543,10237,SLA,Medium Expenses,0,0,-3
143084,Augustana College,2015,0,2,5,NA,2,IL,86,52,21,76,70,2571,10622,SLA,Medium Expenses,0,0,-2
143084,Augustana College,2016,0,2,5,NA,2,IL,89,59,18,77,71,2591,10083,SLA,Medium Expenses,0,0,-1
143084,Augustana College,2017,0,2,5,NA,2,IL,87,64,16,75,70,2696,9833,SLA,Low Expenses,0,0,0
143084,Augustana College,2018,0,2,5,NA,2,IL,88,57,18,74,70,2601,10313,SLA,Medium Expenses,0,1,1
143084,Augustana College,2019,0,2,5,NA,2,IL,83,57,14,71,65,NA,10477,SLA,Medium Expenses,0,1,2
143084,Augustana College,2020,0,2,5,NA,2,IL,85,69,14,77,73,2611,10649,SLA,Medium Expenses,0,1,3
143288,Blackburn College,2014,0,2,5,NA,1,IL,62,55,27,39,30,620,7214,SLA,Low Expenses,0,0,-3
143288,Blackburn College,2015,0,2,5,NA,1,IL,65,54,32,42,32,626,6587,SLA,Low Expenses,0,0,-2
143288,Blackburn College,2016,0,2,5,NA,1,IL,65,60,26,42,31,623,6604,SLA,Low Expenses,0,0,-1
143288,Blackburn College,2017,0,2,5,NA,1,IL,56,52,38,48,45,584,6523,SLA,Low Expenses,0,0,0
143288,Blackburn College,2018,0,2,5,NA,1,IL,70,57,31,52,34,582,7460,SLA,Low Expenses,0,1,1
143288,Blackburn College,2019,0,2,5,NA,1,IL,57,55,29,41,29,NA,7732,SLA,Low Expenses,0,1,2
143288,Blackburn College,2020,0,2,5,NA,1,IL,69,66,26,45,37,553,8000,SLA,Low Expenses,0,1,3
144050,University of Chicago,2014,0,2,6,1,4,IL,99,8,61,93,87,17177,83779,LRI,High Expenses,1,0,-3
144050,University of Chicago,2015,0,2,6,1,4,IL,100,8,64,92,86,17229,85372,LRI,High Expenses,1,0,-2
144050,University of Chicago,2016,0,2,6,1,4,IL,99,9,72,94,89,18141,88004,LRI,High Expenses,1,0,-1
144050,University of Chicago,2017,0,2,6,1,4,IL,99,7,77,93,88,18350,89151,LRI,High Expenses,1,0,0
144050,University of Chicago,2018,0,2,6,1,4,IL,99,6,81,94,89,19659,82127,LRI,High Expenses,1,1,1
144050,University of Chicago,2019,0,2,6,1,4,IL,99,7,74,95,90,NA,85108,LRI,High Expenses,1,1,2
144050,University of Chicago,2020,0,2,6,1,4,IL,100,6,83,96,91,20413,86008,LRI,High Expenses,1,1,3
144740,DePaul University,2014,0,2,16,2,4,IL,87,72,18,71,56,28321,12896,LRI,Medium Expenses,1,0,-3
144740,DePaul University,2015,0,2,16,2,4,IL,84,70,16,73,56,27943,11704,LRI,Medium Expenses,1,0,-2
144740,DePaul University,2016,0,2,16,2,4,IL,85,72,16,73,59,27651,12165,LRI,Medium Expenses,1,0,-1
144740,DePaul University,2017,0,2,16,2,4,IL,84,68,15,71,59,27128,12582,LRI,Medium Expenses,1,0,0
144740,DePaul University,2018,0,2,16,2,4,IL,86,68,14,72,59,26721,12639,LRI,Medium Expenses,1,1,1
144740,DePaul University,2019,0,2,16,2,4,IL,85,70,14,74,61,NA,13859,LRI,Medium Expenses,1,1,2
144740,DePaul University,2020,0,2,16,2,4,IL,83,69,13,71,58,25937,12978,LRI,Medium Expenses,1,1,3
144883,East-West University,2014,0,2,5,NA,2,IL,31,NA,NA,10,5,765,5079,SLA,Low Expenses,0,0,-3
144883,East-West University,2015,0,2,5,NA,2,IL,39,NA,NA,8,0,695,5972,SLA,Low Expenses,0,0,-2
144883,East-West University,2016,0,2,5,NA,2,IL,43,41,19,11,10,624,6097,SLA,Low Expenses,0,0,-1
144883,East-West University,2017,0,2,5,NA,2,IL,42,NA,NA,11,6,602,6050,SLA,Low Expenses,0,0,0
144883,East-West University,2018,0,2,5,NA,2,IL,33,NA,NA,10,6,525,7373,SLA,Low Expenses,0,1,1
144883,East-West University,2019,0,2,5,NA,2,IL,30,NA,NA,11,10,NA,7954,SLA,Low Expenses,0,1,2
144883,East-West University,2020,0,2,5,NA,2,IL,31,NA,NA,18,13,562,7927,SLA,Low Expenses,0,1,3
145497,Hebrew Theological College,2014,0,2,31,NA,1,IL,23,97,90,6,5,562,7838,SLA,Low Expenses,0,0,-3
145497,Hebrew Theological College,2015,0,2,31,NA,1,IL,22,92,59,14,11,633,9495,SLA,Low Expenses,0,0,-2
145497,Hebrew Theological College,2016,0,2,31,NA,1,IL,39,95,41,5,4,450,8367,SLA,Low Expenses,0,0,-1
145497,Hebrew Theological College,2017,0,2,31,NA,1,IL,94,93,85,7,2,243,15253,SLA,High Expenses,0,0,0
145497,Hebrew Theological College,2018,0,2,31,NA,1,IL,88,100,100,5,3,206,21095,SLA,High Expenses,0,1,1
145497,Hebrew Theological College,2019,0,2,31,NA,1,IL,89,83,80,4,4,NA,10957,SLA,Medium Expenses,0,1,2
145497,Hebrew Theological College,2020,0,2,31,NA,1,IL,86,80,100,7,5,256,11775,SLA,Medium Expenses,0,1,3
145600,University of Illinois Chicago,2014,0,1,6,1,4,IL,80,77,29,60,33,31123,26053,LRI,High Expenses,1,0,-3
145600,University of Illinois Chicago,2015,0,1,6,1,4,IL,81,74,25,60,34,31848,26783,LRI,High Expenses,1,0,-2
145600,University of Illinois Chicago,2016,0,1,6,1,4,IL,80,77,28,58,31,31879,27351,LRI,High Expenses,1,0,-1
145600,University of Illinois Chicago,2017,0,1,6,1,4,IL,80,76,26,57,30,33386,30165,LRI,High Expenses,1,0,0
145600,University of Illinois Chicago,2018,0,1,6,1,4,IL,80,73,27,59,34,34529,30009,LRI,High Expenses,1,1,1
145600,University of Illinois Chicago,2019,0,1,6,1,4,IL,79,73,21,61,34,NA,26515,LRI,High Expenses,1,1,2
145600,University of Illinois Chicago,2020,0,1,6,1,4,IL,82,79,23,63,37,35210,27494,LRI,High Expenses,1,1,3
145637,University of Illinois Urbana-Champaign,2014,0,1,6,1,5,IL,93,66,34,84,69,48576,13924,LRI,Medium Expenses,1,0,-3
145637,University of Illinois Urbana-Champaign,2015,0,1,6,1,5,IL,93,60,33,85,71,49094,14212,LRI,High Expenses,1,0,-2
145637,University of Illinois Urbana-Champaign,2016,0,1,6,1,5,IL,94,62,31,85,70,50885,14520,LRI,High Expenses,1,0,-1
145637,University of Illinois Urbana-Champaign,2017,0,1,6,1,5,IL,92,62,31,85,70,52986,14734,LRI,High Expenses,1,0,0
145637,University of Illinois Urbana-Champaign,2018,0,1,6,1,5,IL,93,59,30,84,70,54985,15242,LRI,High Expenses,1,1,1
145637,University of Illinois Urbana-Champaign,2019,0,1,6,1,5,IL,93,63,27,85,70,NA,14527,LRI,High Expenses,1,1,2
145637,University of Illinois Urbana-Champaign,2020,0,1,6,1,5,IL,94,60,29,86,72,57324,15154,LRI,High Expenses,1,1,3
145646,Illinois Wesleyan University,2014,0,2,5,NA,2,IL,92,62,19,81,75,1921,16167,SLA,High Expenses,0,0,-3
145646,Illinois Wesleyan University,2015,0,2,5,NA,2,IL,93,58,19,83,78,1857,17242,SLA,High Expenses,0,0,-2
145646,Illinois Wesleyan University,2016,0,2,5,NA,2,IL,93,61,17,81,74,1791,17443,SLA,High Expenses,0,0,-1
145646,Illinois Wesleyan University,2017,0,2,5,NA,2,IL,89,59,22,78,71,1674,19068,SLA,High Expenses,0,0,0
145646,Illinois Wesleyan University,2018,0,2,5,NA,2,IL,91,61,18,79,75,1712,20570,SLA,High Expenses,0,1,1
145646,Illinois Wesleyan University,2019,0,2,5,NA,2,IL,84,57,20,77,72,NA,20378,SLA,High Expenses,0,1,2
145646,Illinois Wesleyan University,2020,0,2,5,NA,2,IL,87,45,21,82,78,1643,20211,SLA,High Expenses,0,1,3
145691,Illinois College,2014,0,2,5,NA,2,IL,76,61,16,75,66,990,9587,SLA,Low Expenses,0,0,-3
145691,Illinois College,2015,0,2,5,NA,2,IL,79,54,12,71,62,982,10111,SLA,Medium Expenses,0,0,-2
145691,Illinois College,2016,0,2,5,NA,2,IL,78,55,11,68,60,990,10322,SLA,Medium Expenses,0,0,-1
145691,Illinois College,2017,0,2,5,NA,2,IL,77,76,11,60,55,978,9440,SLA,Low Expenses,0,0,0
145691,Illinois College,2018,0,2,5,NA,2,IL,77,78,11,70,65,1013,9673,SLA,Low Expenses,0,1,1
145691,Illinois College,2019,0,2,5,NA,2,IL,78,75,10,63,59,NA,8773,SLA,Low Expenses,0,1,2
145691,Illinois College,2020,0,2,5,NA,2,IL,75,75,9,68,63,1115,7862,SLA,Low Expenses,0,1,3
145813,Illinois State University,2014,0,1,19,2,4,IL,81,88,34,72,46,22932,9858,LRI,Low Expenses,1,0,-3
145813,Illinois State University,2015,0,1,19,2,4,IL,82,89,34,73,48,22987,10008,LRI,Medium Expenses,1,0,-2
145813,Illinois State University,2016,0,1,19,2,4,IL,81,89,32,72,48,23330,10217,LRI,Medium Expenses,1,0,-1
145813,Illinois State University,2017,0,1,19,2,4,IL,81,89,32,69,47,22948,15761,LRI,High Expenses,1,0,0
145813,Illinois State University,2018,0,1,19,2,4,IL,79,82,29,69,47,22907,13679,LRI,Medium Expenses,1,1,1
145813,Illinois State University,2019,0,1,19,2,4,IL,79,81,27,70,50,NA,8201,LRI,Low Expenses,1,1,2
145813,Illinois State University,2020,0,1,19,2,4,IL,84,92,31,68,50,23141,7980,LRI,Low Expenses,1,1,3
146427,Knox College,2014,0,2,22,NA,2,IL,88,64,18,80,73,1435,12518,SLA,Medium Expenses,0,0,-3
146427,Knox College,2015,0,2,22,NA,2,IL,83,65,15,77,69,1398,12717,SLA,Medium Expenses,0,0,-2
146427,Knox College,2016,0,2,22,NA,2,IL,87,72,15,77,69,1376,13222,SLA,Medium Expenses,0,0,-1
146427,Knox College,2017,0,2,22,NA,2,IL,87,74,17,76,72,1396,14036,SLA,Medium Expenses,0,0,0
146427,Knox College,2018,0,2,22,NA,2,IL,81,68,14,75,68,1359,14660,SLA,High Expenses,0,1,1
146427,Knox College,2019,0,2,22,NA,2,IL,81,71,12,74,64,NA,14213,SLA,High Expenses,0,1,2
146427,Knox College,2020,0,2,22,NA,2,IL,82,70,13,71,61,1290,14104,SLA,Medium Expenses,0,1,3
146481,Lake Forest College,2014,0,2,22,NA,2,IL,85,55,19,73,64,1698,10279,SLA,Medium Expenses,0,0,-3
146481,Lake Forest College,2015,0,2,22,NA,2,IL,84,57,15,72,66,1628,10462,SLA,Medium Expenses,0,0,-2
146481,Lake Forest College,2016,0,2,22,NA,2,IL,83,53,16,70,64,1696,10798,SLA,Medium Expenses,0,0,-1
146481,Lake Forest College,2017,0,2,22,NA,2,IL,85,58,16,72,66,1699,10230,SLA,Medium Expenses,0,0,0
146481,Lake Forest College,2018,0,2,22,NA,2,IL,83,55,14,69,61,1657,11078,SLA,Medium Expenses,0,1,1
146481,Lake Forest College,2019,0,2,22,NA,2,IL,88,58,15,77,71,NA,12420,SLA,Medium Expenses,0,1,2
146481,Lake Forest College,2020,0,2,22,NA,2,IL,84,64,15,75,69,1723,11242,SLA,Medium Expenses,0,1,3
147244,Millikin University,2014,0,2,15,NA,2,IL,82,60,20,61,51,2407,8907,SLA,Low Expenses,0,0,-3
147244,Millikin University,2015,0,2,15,NA,2,IL,73,64,19,60,48,2357,8805,SLA,Low Expenses,0,0,-2
147244,Millikin University,2016,0,2,15,NA,2,IL,72,65,21,60,49,2258,9570,SLA,Low Expenses,0,0,-1
147244,Millikin University,2017,0,2,15,NA,2,IL,76,61,17,61,48,2236,10026,SLA,Medium Expenses,0,0,0
147244,Millikin University,2018,0,2,15,NA,2,IL,78,71,19,58,47,2227,10738,SLA,Medium Expenses,0,1,1
147244,Millikin University,2019,0,2,15,NA,2,IL,75,71,18,59,51,NA,10869,SLA,Medium Expenses,0,1,2
147244,Millikin University,2020,0,2,15,NA,2,IL,70,75,18,53,44,2333,10507,SLA,Medium Expenses,0,1,3
147341,Monmouth College,2014,0,2,5,NA,2,IL,74,62,16,56,48,1330,10582,SLA,Medium Expenses,0,0,-3
147341,Monmouth College,2015,0,2,5,NA,2,IL,74,52,17,58,48,1231,11075,SLA,Medium Expenses,0,0,-2
147341,Monmouth College,2016,0,2,5,NA,2,IL,73,67,17,56,47,1205,12257,SLA,Medium Expenses,0,0,-1
147341,Monmouth College,2017,0,2,5,NA,2,IL,72,69,18,60,51,1047,12721,SLA,Medium Expenses,0,0,0
147341,Monmouth College,2018,0,2,5,NA,2,IL,73,67,16,57,46,931,13964,SLA,Medium Expenses,0,1,1
147341,Monmouth College,2019,0,2,5,NA,2,IL,79,69,13,62,54,NA,15889,SLA,High Expenses,0,1,2
147341,Monmouth College,2020,0,2,5,NA,2,IL,74,66,11,58,54,926,14804,SLA,High Expenses,0,1,3
147767,Northwestern University,2014,0,2,6,1,4,IL,97,13,48,93,85,25327,37339,LRI,High Expenses,1,0,-3
147767,Northwestern University,2015,0,2,6,1,4,IL,97,11,53,93,82,25359,39808,LRI,High Expenses,1,0,-2
147767,Northwestern University,2016,0,2,6,1,4,IL,98,9,55,94,84,25233,42218,LRI,High Expenses,1,0,-1
147767,Northwestern University,2017,0,2,6,1,4,IL,98,8,56,94,84,25464,44763,LRI,High Expenses,1,0,0
147767,Northwestern University,2018,0,2,6,1,4,IL,97,9,55,95,84,25614,40111,LRI,High Expenses,1,1,1
147767,Northwestern University,2019,0,2,6,1,4,IL,98,9,52,94,84,NA,41227,LRI,High Expenses,1,1,2
147767,Northwestern University,2020,0,2,6,1,4,IL,97,7,63,95,85,25870,39868,LRI,High Expenses,1,1,3
148016,Principia College,2014,0,2,22,NA,1,IL,90,75,66,88,76,518,21358,SLA,High Expenses,0,0,-3
148016,Principia College,2015,0,2,22,NA,1,IL,88,91,76,80,71,489,22035,SLA,High Expenses,0,0,-2
148016,Principia College,2016,0,2,22,NA,1,IL,91,91,70,68,61,501,23878,SLA,High Expenses,0,0,-1
148016,Principia College,2017,0,2,22,NA,1,IL,88,92,73,84,71,481,24387,SLA,High Expenses,0,0,0
148016,Principia College,2018,0,2,22,NA,1,IL,88,91,69,75,61,470,27514,SLA,High Expenses,0,1,1
148016,Principia College,2019,0,2,22,NA,1,IL,94,93,70,80,62,NA,27055,SLA,High Expenses,0,1,2
148016,Principia College,2020,0,2,22,NA,1,IL,86,84,68,75,60,425,32470,SLA,High Expenses,0,1,3
148405,Rockford University,2014,0,2,20,NA,2,IL,64,54,14,45,27,2109,6256,SLA,Low Expenses,0,0,-3
148405,Rockford University,2015,0,2,20,NA,2,IL,65,54,10,42,25,1967,6180,SLA,Low Expenses,0,0,-2
148405,Rockford University,2016,0,2,20,NA,2,IL,66,47,14,49,32,1973,6807,SLA,Low Expenses,0,0,-1
148405,Rockford University,2017,0,2,20,NA,2,IL,66,49,12,41,39,1671,6688,SLA,Low Expenses,0,0,0
148405,Rockford University,2018,0,2,20,NA,2,IL,66,54,12,38,20,1776,7071,SLA,Low Expenses,0,1,1
148405,Rockford University,2019,0,2,20,NA,2,IL,66,51,21,41,26,NA,6139,SLA,Low Expenses,0,1,2
148405,Rockford University,2020,0,2,20,NA,2,IL,66,67,18,46,31,1597,7022,SLA,Low Expenses,0,1,3
149781,Wheaton College,2014,0,2,22,NA,2,IL,93,71,44,89,80,3181,13157,SLA,Medium Expenses,0,0,-3
149781,Wheaton College,2015,0,2,22,NA,2,IL,95,79,40,89,81,3173,13369,SLA,Medium Expenses,0,0,-2
149781,Wheaton College,2016,0,2,22,NA,2,IL,95,85,40,91,82,3215,13814,SLA,Medium Expenses,0,0,-1
149781,Wheaton College,2017,0,2,22,NA,2,IL,93,83,40,89,80,3242,14458,SLA,High Expenses,0,0,0
149781,Wheaton College,2018,0,2,22,NA,2,IL,92,85,38,87,77,3279,15993,SLA,High Expenses,0,1,1
149781,Wheaton College,2019,0,2,22,NA,2,IL,93,87,31,89,82,NA,15111,SLA,High Expenses,0,1,2
149781,Wheaton College,2020,0,2,22,NA,2,IL,90,86,32,88,79,3416,15763,SLA,High Expenses,0,1,3
150136,Ball State University,2014,0,1,16,2,4,IN,81,61,26,59,37,23130,10219,LRI,Medium Expenses,1,0,-3
150136,Ball State University,2015,0,1,16,2,4,IN,82,62,25,60,41,25500,9488,LRI,Low Expenses,1,0,-2
150136,Ball State University,2016,0,1,16,2,4,IN,81,62,27,58,45,26419,10954,LRI,Medium Expenses,1,0,-1
150136,Ball State University,2017,0,1,16,2,4,IN,78,65,24,62,48,27369,10886,LRI,Medium Expenses,1,0,0
150136,Ball State University,2018,0,1,16,2,4,IN,78,77,23,63,47,25199,9540,LRI,Low Expenses,1,1,1
150136,Ball State University,2019,0,1,16,2,4,IN,75,87,20,67,53,NA,11373,LRI,Medium Expenses,1,1,2
150136,Ball State University,2020,0,1,16,2,4,IN,80,68,21,67,54,25247,10341,LRI,Medium Expenses,1,1,3
150400,DePauw University,2014,0,2,22,NA,2,IN,93,65,18,80,75,2247,18608,SLA,High Expenses,0,0,-3
150400,DePauw University,2015,0,2,22,NA,2,IN,94,65,18,82,76,2285,20377,SLA,High Expenses,0,0,-2
150400,DePauw University,2016,0,2,22,NA,2,IN,92,67,17,85,78,2253,20756,SLA,High Expenses,0,0,-1
150400,DePauw University,2017,0,2,22,NA,2,IN,89,63,16,81,76,2185,22155,SLA,High Expenses,0,0,0
150400,DePauw University,2018,0,2,22,NA,2,IN,91,64,13,85,81,2175,21661,SLA,High Expenses,0,1,1
150400,DePauw University,2019,0,2,22,NA,2,IN,86,68,10,84,80,NA,20827,SLA,High Expenses,0,1,2
150400,DePauw University,2020,0,2,22,NA,2,IN,89,65,14,87,85,1998,21772,SLA,High Expenses,0,1,3
150455,Earlham College,2014,0,2,22,NA,2,IN,84,62,16,72,65,1139,21481,SLA,High Expenses,0,0,-3
150455,Earlham College,2015,0,2,22,NA,2,IN,81,58,21,67,60,1108,23813,SLA,High Expenses,0,0,-2
150455,Earlham College,2016,0,2,22,NA,2,IN,80,52,20,71,65,1166,25840,SLA,High Expenses,0,0,-1
150455,Earlham College,2017,0,2,22,NA,2,IN,86,65,20,68,58,1180,24475,SLA,High Expenses,0,0,0
150455,Earlham College,2018,0,2,22,NA,2,IN,82,63,13,64,58,1152,23555,SLA,High Expenses,0,1,1
150455,Earlham College,2019,0,2,22,NA,2,IN,80,59,11,64,56,NA,25592,SLA,High Expenses,0,1,2
150455,Earlham College,2020,0,2,22,NA,2,IN,83,69,15,67,61,1044,26519,SLA,High Expenses,0,1,3
150604,Franklin College,2014,0,2,5,NA,2,IN,79,70,21,61,54,1109,9207,SLA,Low Expenses,0,0,-3
150604,Franklin College,2015,0,2,5,NA,2,IN,80,78,21,60,55,1138,9157,SLA,Low Expenses,0,0,-2
150604,Franklin College,2016,0,2,5,NA,2,IN,74,78,19,66,60,1052,8539,SLA,Low Expenses,0,0,-1
150604,Franklin College,2017,0,2,5,NA,2,IN,75,75,19,62,56,1061,9372,SLA,Low Expenses,0,0,0
150604,Franklin College,2018,0,2,5,NA,2,IN,76,81,18,61,56,1023,9123,SLA,Low Expenses,0,1,1
150604,Franklin College,2019,0,2,5,NA,2,IN,74,76,19,65,60,NA,9915,SLA,Medium Expenses,0,1,2
150604,Franklin College,2020,0,2,5,NA,2,IN,79,95,17,63,58,1011,10214,SLA,Medium Expenses,0,1,3
150668,Goshen College,2014,0,2,5,NA,2,IN,77,66,34,72,55,934,11031,SLA,Medium Expenses,0,0,-3
150668,Goshen College,2015,0,2,5,NA,2,IN,78,62,30,66,53,908,12018,SLA,Medium Expenses,0,0,-2
150668,Goshen College,2016,0,2,5,NA,2,IN,82,64,28,68,56,996,11573,SLA,Medium Expenses,0,0,-1
150668,Goshen College,2017,0,2,5,NA,2,IN,78,66,24,72,62,1050,11548,SLA,Medium Expenses,0,0,0
150668,Goshen College,2018,0,2,5,NA,2,IN,73,63,19,68,55,1017,9844,SLA,Low Expenses,0,1,1
150668,Goshen College,2019,0,2,5,NA,2,IN,76,92,22,65,52,NA,9697,SLA,Low Expenses,0,1,2
150668,Goshen College,2020,0,2,5,NA,2,IN,76,93,20,63,57,950,10020,SLA,Medium Expenses,0,1,3
150756,Hanover College,2014,0,2,22,NA,2,IN,82,61,15,69,66,1161,11611,SLA,Medium Expenses,0,0,-3
150756,Hanover College,2015,0,2,22,NA,2,IN,82,57,15,67,65,1142,14118,SLA,High Expenses,0,0,-2
150756,Hanover College,2016,0,2,22,NA,2,IN,82,84,15,71,67,1103,13125,SLA,Medium Expenses,0,0,-1
150756,Hanover College,2017,0,2,22,NA,2,IN,79,79,14,71,69,1113,13880,SLA,Medium Expenses,0,0,0
150756,Hanover College,2018,0,2,22,NA,2,IN,75,65,14,72,69,1114,12291,SLA,Medium Expenses,0,1,1
150756,Hanover College,2019,0,2,22,NA,2,IN,79,69,15,69,67,NA,12998,SLA,Medium Expenses,0,1,2
150756,Hanover College,2020,0,2,22,NA,2,IN,84,73,15,72,71,1083,13556,SLA,Medium Expenses,0,1,3
150774,Holy Cross College,2014,0,2,22,NA,1,IN,62,91,24,32,20,554,5319,SLA,Low Expenses,0,0,-3
150774,Holy Cross College,2015,0,2,22,NA,1,IN,53,91,33,27,14,607,5497,SLA,Low Expenses,0,0,-2
150774,Holy Cross College,2016,0,2,22,NA,1,IN,60,74,15,41,38,640,5471,SLA,Low Expenses,0,0,-1
150774,Holy Cross College,2017,0,2,22,NA,1,IN,45,88,34,40,38,591,5286,SLA,Low Expenses,0,0,0
150774,Holy Cross College,2018,0,2,22,NA,1,IN,40,94,38,39,35,497,4242,SLA,Low Expenses,0,1,1
150774,Holy Cross College,2019,0,2,22,NA,1,IN,34,77,40,51,36,NA,5507,SLA,Low Expenses,0,1,2
150774,Holy Cross College,2020,0,2,22,NA,1,IN,68,86,40,55,36,449,6253,SLA,Low Expenses,0,1,3
151111,Indiana University-Indianapolis,2014,0,1,16,1,4,IN,71,70,42,43,18,36357,15469,LRI,High Expenses,1,0,-3
151111,Indiana University-Indianapolis,2015,0,1,16,1,4,IN,74,74,41,44,19,35441,15134,LRI,High Expenses,1,0,-2
151111,Indiana University-Indianapolis,2016,0,1,16,1,4,IN,74,80,46,46,19,34984,15938,LRI,High Expenses,1,0,-1
151111,Indiana University-Indianapolis,2017,0,1,16,1,4,IN,75,81,38,45,21,34699,16407,LRI,High Expenses,1,0,0
151111,Indiana University-Indianapolis,2018,0,1,16,1,4,IN,72,81,35,47,24,34279,17106,LRI,High Expenses,1,1,1
151111,Indiana University-Indianapolis,2019,0,1,16,1,4,IN,73,79,30,50,28,NA,18609,LRI,High Expenses,1,1,2
151111,Indiana University-Indianapolis,2020,0,1,16,1,4,IN,75,84,28,52,33,33900,18926,LRI,High Expenses,1,1,3
151351,Indiana University-Bloomington,2014,0,1,16,1,5,IN,89,78,29,78,59,50989,13730,LRI,Medium Expenses,1,0,-3
151351,Indiana University-Bloomington,2015,0,1,16,1,5,IN,89,79,28,77,60,52694,13820,LRI,Medium Expenses,1,0,-2
151351,Indiana University-Bloomington,2016,0,1,16,1,5,IN,91,76,25,76,60,53254,14412,LRI,High Expenses,1,0,-1
151351,Indiana University-Bloomington,2017,0,1,16,1,5,IN,91,77,24,77,63,46723,14714,LRI,High Expenses,1,0,0
151351,Indiana University-Bloomington,2018,0,1,16,1,5,IN,91,78,25,78,64,46423,15378,LRI,High Expenses,1,1,1
151351,Indiana University-Bloomington,2019,0,1,16,1,5,IN,90,80,22,79,67,NA,16191,LRI,High Expenses,1,1,2
151351,Indiana University-Bloomington,2020,0,1,16,1,5,IN,91,85,24,80,69,46441,16549,LRI,High Expenses,1,1,3
151810,Martin University,2014,0,2,15,NA,1,IN,39,NA,NA,8,0,524,5801,SLA,Low Expenses,0,0,-3
151810,Martin University,2015,0,2,15,NA,1,IN,60,NA,NA,8,3,458,5150,SLA,Low Expenses,0,0,-2
151810,Martin University,2016,0,2,15,NA,1,IN,75,NA,NA,5,2,491,3103,SLA,Low Expenses,0,0,-1
151810,Martin University,2017,0,2,15,NA,1,IN,57,NA,NA,6,0,470,3743,SLA,Low Expenses,0,0,0
151810,Martin University,2018,0,2,15,NA,1,IN,53,NA,NA,4,0,412,4460,SLA,Low Expenses,0,1,1
151810,Martin University,2019,0,2,15,NA,1,IN,38,NA,NA,9,0,NA,4291,SLA,Low Expenses,0,1,2
151810,Martin University,2020,0,2,15,NA,1,IN,20,NA,NA,10,10,359,4378,SLA,Low Expenses,0,1,3
152390,Saint Mary's College,2014,0,2,22,NA,2,IN,89,80,30,81,78,1664,14546,SLA,High Expenses,0,0,-3
152390,Saint Mary's College,2015,0,2,22,NA,2,IN,90,82,30,79,75,1724,14176,SLA,High Expenses,0,0,-2
152390,Saint Mary's College,2016,0,2,22,NA,2,IN,86,78,25,77,71,1767,13801,SLA,Medium Expenses,0,0,-1
152390,Saint Mary's College,2017,0,2,22,NA,2,IN,84,82,26,79,73,1714,13920,SLA,Medium Expenses,0,0,0
152390,Saint Mary's College,2018,0,2,22,NA,2,IN,85,81,23,78,73,1718,16404,SLA,High Expenses,0,1,1
152390,Saint Mary's College,2019,0,2,22,NA,2,IN,82,82,20,79,72,NA,13725,SLA,Medium Expenses,0,1,2
152390,Saint Mary's College,2020,0,2,22,NA,2,IN,85,83,19,81,78,1657,14633,SLA,High Expenses,0,1,3
152673,Wabash College,2014,0,2,22,NA,2,IN,89,61,31,73,68,931,15009,SLA,High Expenses,0,0,-3
152673,Wabash College,2015,0,2,22,NA,2,IN,85,63,27,73,70,873,15671,SLA,High Expenses,0,0,-2
152673,Wabash College,2016,0,2,22,NA,2,IN,92,63,28,72,64,848,16959,SLA,High Expenses,0,0,-1
152673,Wabash College,2017,0,2,22,NA,2,IN,87,65,32,77,72,871,16900,SLA,High Expenses,0,0,0
152673,Wabash College,2018,0,2,22,NA,2,IN,86,64,27,71,66,887,16724,SLA,High Expenses,0,1,1
152673,Wabash College,2019,0,2,22,NA,2,IN,91,63,25,74,71,NA,17559,SLA,High Expenses,0,1,2
152673,Wabash College,2020,0,2,22,NA,2,IN,84,62,21,75,72,871,17625,SLA,High Expenses,0,1,3
153108,Central College,2014,0,2,5,NA,2,IA,78,64,16,68,63,1723,13075,SLA,Medium Expenses,0,0,-3
153108,Central College,2015,0,2,5,NA,2,IA,78,73,11,67,60,1521,12958,SLA,Medium Expenses,0,0,-2
153108,Central College,2016,0,2,5,NA,2,IA,79,70,11,65,58,1433,14016,SLA,Medium Expenses,0,0,-1
153108,Central College,2017,0,2,5,NA,2,IA,81,70,14,69,65,1435,13678,SLA,Medium Expenses,0,0,0
153108,Central College,2018,0,2,5,NA,2,IA,79,65,19,72,68,1323,13534,SLA,Medium Expenses,0,1,1
153108,Central College,2019,0,2,5,NA,2,IA,82,64,22,67,62,NA,14825,SLA,High Expenses,0,1,2
153108,Central College,2020,0,2,5,NA,2,IA,73,75,21,68,63,1463,13930,SLA,Medium Expenses,0,1,3
153126,Clarke University,2014,0,2,18,NA,2,IA,73,72,20,74,49,1312,8648,SLA,Low Expenses,0,0,-3
153126,Clarke University,2015,0,2,18,NA,2,IA,76,65,21,57,48,1218,8732,SLA,Low Expenses,0,0,-2
153126,Clarke University,2016,0,2,18,NA,2,IA,71,63,22,61,49,1149,8492,SLA,Low Expenses,0,0,-1
153126,Clarke University,2017,0,2,18,NA,2,IA,75,82,18,63,52,1105,9034,SLA,Low Expenses,0,0,0
153126,Clarke University,2018,0,2,18,NA,2,IA,71,94,13,63,61,1106,8887,SLA,Low Expenses,0,1,1
153126,Clarke University,2019,0,2,18,NA,2,IA,72,89,15,63,53,NA,9197,SLA,Low Expenses,0,1,2
153126,Clarke University,2020,0,2,18,NA,2,IA,72,89,10,66,61,992,10053,SLA,Medium Expenses,0,1,3
153144,Coe College,2014,0,2,22,NA,2,IA,78,63,17,70,61,1516,12068,SLA,Medium Expenses,0,0,-3
153144,Coe College,2015,0,2,22,NA,2,IA,77,50,11,67,60,1498,8948,SLA,Low Expenses,0,0,-2
153144,Coe College,2016,0,2,22,NA,2,IA,75,56,10,67,62,1476,9587,SLA,Low Expenses,0,0,-1
153144,Coe College,2017,0,2,22,NA,2,IA,81,67,8,69,61,1440,9513,SLA,Low Expenses,0,0,0
153144,Coe College,2018,0,2,22,NA,2,IA,75,63,8,66,62,1477,9403,SLA,Low Expenses,0,1,1
153144,Coe College,2019,0,2,22,NA,2,IA,80,80,7,66,64,NA,9774,SLA,Low Expenses,0,1,2
153144,Coe College,2020,0,2,22,NA,2,IA,81,73,8,62,55,1468,9411,SLA,Low Expenses,0,1,3
153162,Cornell College,2014,0,2,22,NA,2,IA,83,70,20,66,62,1092,10924,SLA,Medium Expenses,0,0,-3
153162,Cornell College,2015,0,2,22,NA,2,IA,82,71,21,68,65,1041,10005,SLA,Medium Expenses,0,0,-2
153162,Cornell College,2016,0,2,22,NA,2,IA,78,65,20,68,65,1006,11637,SLA,Medium Expenses,0,0,-1
153162,Cornell College,2017,0,2,22,NA,2,IA,81,61,19,71,64,1058,13522,SLA,Medium Expenses,0,0,0
153162,Cornell College,2018,0,2,22,NA,2,IA,82,62,14,76,70,1143,13072,SLA,Medium Expenses,0,1,1
153162,Cornell College,2019,0,2,22,NA,2,IA,76,82,13,69,68,NA,12060,SLA,Medium Expenses,0,1,2
153162,Cornell College,2020,0,2,22,NA,2,IA,74,81,16,67,67,1045,13424,SLA,Medium Expenses,0,1,3
153384,Grinnell College,2014,0,2,22,3,2,IA,94,25,28,89,85,1765,23944,SLA,High Expenses,0,0,-3
153384,Grinnell College,2015,0,2,22,3,2,IA,94,20,28,86,79,1774,24969,SLA,High Expenses,0,0,-2
153384,Grinnell College,2016,0,2,22,3,2,IA,93,29,26,86,81,1765,25182,SLA,High Expenses,0,0,-1
153384,Grinnell College,2017,0,2,22,3,2,IA,96,24,26,87,84,1774,26696,SLA,High Expenses,0,0,0
153384,Grinnell College,2018,0,2,22,3,2,IA,92,23,25,84,78,1770,26581,SLA,High Expenses,0,1,1
153384,Grinnell College,2019,0,2,22,3,2,IA,94,19,23,89,85,NA,28485,SLA,High Expenses,0,1,2
153384,Grinnell College,2020,0,2,22,3,2,IA,81,11,43,87,81,1754,29667,SLA,High Expenses,0,1,3
153603,Iowa State University,2014,0,1,6,1,4,IA,86,87,37,69,39,37883,9179,LRI,Low Expenses,1,0,-3
153603,Iowa State University,2015,0,1,6,1,4,IA,87,87,37,71,41,38988,9425,LRI,Low Expenses,1,0,-2
153603,Iowa State University,2016,0,1,6,1,4,IA,88,89,35,74,44,39729,9436,LRI,Low Expenses,1,0,-1
153603,Iowa State University,2017,0,1,6,1,4,IA,87,91,35,73,45,39108,9702,LRI,Low Expenses,1,0,0
153603,Iowa State University,2018,0,1,6,1,4,IA,87,92,33,75,47,37944,9907,LRI,Low Expenses,1,1,1
153603,Iowa State University,2019,0,1,6,1,4,IA,87,88,28,74,47,NA,10152,LRI,Medium Expenses,1,1,2
153603,Iowa State University,2020,0,1,6,1,4,IA,89,91,29,75,50,35319,10386,LRI,Medium Expenses,1,1,3
153658,University of Iowa,2014,0,1,6,1,4,IA,86,81,25,70,48,33410,14593,LRI,High Expenses,1,0,-3
153658,University of Iowa,2015,0,1,6,1,4,IA,85,84,24,72,51,34337,14748,LRI,High Expenses,1,0,-2
153658,University of Iowa,2016,0,1,6,1,4,IA,87,86,21,72,51,35671,14005,LRI,Medium Expenses,1,0,-1
153658,University of Iowa,2017,0,1,6,1,4,IA,86,83,22,74,54,35876,13779,LRI,Medium Expenses,1,0,0
153658,University of Iowa,2018,0,1,6,1,4,IA,86,83,23,73,53,35339,13902,LRI,Medium Expenses,1,1,1
153658,University of Iowa,2019,0,1,6,1,4,IA,86,84,22,72,55,NA,14075,LRI,Medium Expenses,1,1,2
153658,University of Iowa,2020,0,1,6,1,4,IA,88,86,23,72,54,34495,14478,LRI,High Expenses,1,1,3
153834,Luther College,2014,0,2,22,NA,2,IA,85,67,24,82,74,2433,13112,SLA,Medium Expenses,0,0,-3
153834,Luther College,2015,0,2,22,NA,2,IA,85,68,20,77,69,2380,14161,SLA,High Expenses,0,0,-2
153834,Luther College,2016,0,2,22,NA,2,IA,84,65,19,79,72,2214,13170,SLA,Medium Expenses,0,0,-1
153834,Luther College,2017,0,2,22,NA,2,IA,83,63,20,80,71,2097,14151,SLA,High Expenses,0,0,0
153834,Luther College,2018,0,2,22,NA,2,IA,84,62,21,79,72,2108,15180,SLA,High Expenses,0,1,1
153834,Luther College,2019,0,2,22,NA,2,IA,84,64,19,75,67,NA,14001,SLA,Medium Expenses,0,1,2
153834,Luther College,2020,0,2,22,NA,2,IA,77,76,23,77,69,1984,13252,SLA,Medium Expenses,0,1,3
154350,Simpson College,2014,0,2,5,NA,2,IA,82,89,28,73,64,1891,8297,SLA,Low Expenses,0,0,-3
154350,Simpson College,2015,0,2,5,NA,2,IA,81,85,32,68,62,1850,8499,SLA,Low Expenses,0,0,-2
154350,Simpson College,2016,0,2,5,NA,2,IA,77,84,29,63,53,1777,8913,SLA,Low Expenses,0,0,-1
154350,Simpson College,2017,0,2,5,NA,2,IA,80,84,31,68,63,1630,9073,SLA,Low Expenses,0,0,0
154350,Simpson College,2018,0,2,5,NA,2,IA,77,80,23,70,64,1668,9806,SLA,Low Expenses,0,1,1
154350,Simpson College,2019,0,2,5,NA,2,IA,78,87,26,72,70,NA,9870,SLA,Low Expenses,0,1,2
154350,Simpson College,2020,0,2,5,NA,2,IA,77,91,24,71,65,1503,10093,SLA,Medium Expenses,0,1,3
154527,Wartburg College,2014,0,2,5,NA,2,IA,74,74,23,71,65,1713,9632,SLA,Low Expenses,0,0,-3
154527,Wartburg College,2015,0,2,5,NA,2,IA,80,68,16,70,66,1599,9840,SLA,Low Expenses,0,0,-2
154527,Wartburg College,2016,0,2,5,NA,2,IA,80,77,14,69,66,1523,10374,SLA,Medium Expenses,0,0,-1
154527,Wartburg College,2017,0,2,5,NA,2,IA,79,76,14,65,60,1572,9942,SLA,Medium Expenses,0,0,0
154527,Wartburg College,2018,0,2,5,NA,2,IA,79,75,13,67,63,1569,9474,SLA,Low Expenses,0,1,1
154527,Wartburg College,2019,0,2,5,NA,2,IA,78,72,14,62,58,NA,9482,SLA,Low Expenses,0,1,2
154527,Wartburg College,2020,0,2,5,NA,2,IA,82,83,12,68,64,1567,9075,SLA,Low Expenses,0,1,3
154688,Baker University,2014,0,2,18,NA,2,KS,80,82,25,58,41,3911,5319,SLA,Low Expenses,0,0,-3
154688,Baker University,2015,0,2,18,NA,2,KS,77,78,35,60,42,3593,6471,SLA,Low Expenses,0,0,-2
154688,Baker University,2016,0,2,18,NA,2,KS,80,86,37,55,39,3741,5788,SLA,Low Expenses,0,0,-1
154688,Baker University,2017,0,2,18,NA,2,KS,68,88,35,57,41,3624,6090,SLA,Low Expenses,0,0,0
154688,Baker University,2018,0,2,18,NA,2,KS,81,88,33,59,42,3506,6335,SLA,Low Expenses,0,1,1
154688,Baker University,2019,0,2,18,NA,2,KS,75,93,29,64,45,NA,6785,SLA,Low Expenses,0,1,2
154688,Baker University,2020,0,2,18,NA,2,KS,79,99,35,62,50,3384,7084,SLA,Low Expenses,0,1,3
154712,Benedictine College,2014,0,2,15,NA,2,KS,77,99,22,60,44,2294,6322,SLA,Low Expenses,0,0,-3
154712,Benedictine College,2015,0,2,15,NA,2,KS,77,69,29,68,56,2271,6605,SLA,Low Expenses,0,0,-2
154712,Benedictine College,2016,0,2,15,NA,2,KS,80,97,19,63,49,2380,7010,SLA,Low Expenses,0,0,-1
154712,Benedictine College,2017,0,2,15,NA,2,KS,80,93,25,63,46,2283,6884,SLA,Low Expenses,0,0,0
154712,Benedictine College,2018,0,2,15,NA,2,KS,79,97,24,60,42,2216,7518,SLA,Low Expenses,0,1,1
154712,Benedictine College,2019,0,2,15,NA,2,KS,77,97,24,65,50,NA,7957,SLA,Low Expenses,0,1,2
154712,Benedictine College,2020,0,2,15,NA,2,KS,84,98,23,65,52,2283,7442,SLA,Low Expenses,0,1,3
154749,Bethel College-North Newton,2014,0,2,15,NA,2,KS,63,53,28,58,42,587,7887,SLA,Low Expenses,0,0,-3
154749,Bethel College-North Newton,2015,0,2,15,NA,2,KS,63,56,23,68,53,598,8529,SLA,Low Expenses,0,0,-2
154749,Bethel College-North Newton,2016,0,2,15,NA,2,KS,62,56,25,53,39,507,7489,SLA,Low Expenses,0,0,-1
154749,Bethel College-North Newton,2017,0,2,15,NA,2,KS,61,44,22,42,31,546,8187,SLA,Low Expenses,0,0,0
154749,Bethel College-North Newton,2018,0,2,15,NA,2,KS,56,57,29,52,41,566,7696,SLA,Low Expenses,0,1,1
154749,Bethel College-North Newton,2019,0,2,15,NA,2,KS,67,61,24,44,37,NA,8397,SLA,Low Expenses,0,1,2
154749,Bethel College-North Newton,2020,0,2,15,NA,2,KS,70,71,26,44,30,486,8256,SLA,Low Expenses,0,1,3
155317,University of Kansas,2014,0,1,6,1,4,KS,80,93,30,60,37,30698,17259,LRI,High Expenses,1,0,-3
155317,University of Kansas,2015,0,1,6,1,4,KS,80,93,30,61,37,30913,17730,LRI,High Expenses,1,0,-2
155317,University of Kansas,2016,0,1,6,1,4,KS,81,93,31,63,41,31201,16951,LRI,High Expenses,1,0,-1
155317,University of Kansas,2017,0,1,6,1,4,KS,83,92,31,63,42,31136,18034,LRI,High Expenses,1,0,0
155317,University of Kansas,2018,0,1,6,1,4,KS,84,93,29,65,47,31088,19072,LRI,High Expenses,1,1,1
155317,University of Kansas,2019,0,1,6,1,4,KS,86,91,28,67,48,NA,20086,LRI,High Expenses,1,1,2
155317,University of Kansas,2020,0,1,6,1,4,KS,86,92,29,63,46,30983,19922,LRI,High Expenses,1,1,3
155399,Kansas State University,2014,0,1,16,1,4,KS,83,95,42,59,28,27699,11388,LRI,Medium Expenses,1,0,-3
155399,Kansas State University,2015,0,1,16,1,4,KS,83,94,41,62,29,26939,11551,LRI,Medium Expenses,1,0,-2
155399,Kansas State University,2016,0,1,16,1,4,KS,85,94,42,63,31,25775,11409,LRI,Medium Expenses,1,0,-1
155399,Kansas State University,2017,0,1,16,1,4,KS,84,93,43,63,33,25450,12121,LRI,Medium Expenses,1,0,0
155399,Kansas State University,2018,0,1,16,1,4,KS,85,95,41,64,34,24546,12033,LRI,Medium Expenses,1,1,1
155399,Kansas State University,2019,0,1,16,1,4,KS,86,94,34,65,37,NA,12259,LRI,Medium Expenses,1,1,2
155399,Kansas State University,2020,0,1,16,1,4,KS,87,96,30,68,40,23353,12636,LRI,Medium Expenses,1,1,3
155511,McPherson College,2014,0,2,15,NA,2,KS,57,73,41,48,44,677,8340,SLA,Low Expenses,0,0,-3
155511,McPherson College,2015,0,2,15,NA,2,KS,56,57,28,65,41,693,8064,SLA,Low Expenses,0,0,-2
155511,McPherson College,2016,0,2,15,NA,2,KS,70,48,39,37,32,740,8355,SLA,Low Expenses,0,0,-1
155511,McPherson College,2017,0,2,15,NA,2,KS,64,77,19,36,28,776,8550,SLA,Low Expenses,0,0,0
155511,McPherson College,2018,0,2,15,NA,2,KS,70,52,23,37,30,881,8311,SLA,Low Expenses,0,1,1
155511,McPherson College,2019,0,2,15,NA,2,KS,58,52,25,41,35,NA,7911,SLA,Low Expenses,0,1,2
155511,McPherson College,2020,0,2,15,NA,2,KS,66,85,36,38,35,918,7836,SLA,Low Expenses,0,1,3
155937,Sterling College,2014,0,2,15,NA,2,KS,63,41,30,39,29,747,4448,SLA,Low Expenses,0,0,-3
155937,Sterling College,2015,0,2,15,NA,2,KS,62,37,33,42,27,720,4471,SLA,Low Expenses,0,0,-2
155937,Sterling College,2016,0,2,15,NA,2,KS,61,52,24,45,34,683,4925,SLA,Low Expenses,0,0,-1
155937,Sterling College,2017,0,2,15,NA,2,KS,55,41,24,39,25,737,5682,SLA,Low Expenses,0,0,0
155937,Sterling College,2018,0,2,15,NA,2,KS,50,40,22,53,39,800,6374,SLA,Low Expenses,0,1,1
155937,Sterling College,2019,0,2,15,NA,2,KS,59,37,21,53,44,NA,5451,SLA,Low Expenses,0,1,2
155937,Sterling College,2020,0,2,15,NA,2,KS,58,47,17,47,40,782,5330,SLA,Low Expenses,0,1,3
168528,Adrian College,2014,0,2,15,NA,2,MI,60,61,16,57,44,1685,8616,SLA,Low Expenses,0,0,-3
168528,Adrian College,2015,0,2,15,NA,2,MI,71,58,15,54,36,1794,8868,SLA,Low Expenses,0,0,-2
168528,Adrian College,2016,0,2,15,NA,2,MI,69,60,18,53,47,1768,8661,SLA,Low Expenses,0,0,-1
168528,Adrian College,2017,0,2,15,NA,2,MI,64,65,19,52,38,1800,8976,SLA,Low Expenses,0,0,0
168528,Adrian College,2018,0,2,15,NA,2,MI,71,56,19,45,30,1947,8991,SLA,Low Expenses,0,1,1
168528,Adrian College,2019,0,2,15,NA,2,MI,64,61,20,50,35,NA,9029,SLA,Low Expenses,0,1,2
168528,Adrian College,2020,0,2,15,NA,2,MI,66,76,28,54,51,1858,8946,SLA,Low Expenses,0,1,3
168546,Albion College,2014,0,2,22,NA,2,MI,84,80,21,72,61,1284,13911,SLA,Medium Expenses,0,0,-3
168546,Albion College,2015,0,2,22,NA,2,MI,80,72,17,65,56,1405,15022,SLA,High Expenses,0,0,-2
168546,Albion College,2016,0,2,22,NA,2,MI,82,71,19,71,61,1476,14263,SLA,High Expenses,0,0,-1
168546,Albion College,2017,0,2,22,NA,2,MI,79,68,15,57,46,1634,11882,SLA,Medium Expenses,0,0,0
168546,Albion College,2018,0,2,22,NA,2,MI,75,69,15,64,53,1589,12341,SLA,Medium Expenses,0,1,1
168546,Albion College,2019,0,2,22,NA,2,MI,80,74,14,70,61,NA,13272,SLA,Medium Expenses,0,1,2
168546,Albion College,2020,0,2,22,NA,2,MI,73,69,10,68,58,1500,13378,SLA,Medium Expenses,0,1,3
168591,Alma College,2014,0,2,5,NA,2,MI,79,68,20,61,57,1438,11731,SLA,Medium Expenses,0,0,-3
168591,Alma College,2015,0,2,5,NA,2,MI,84,68,14,62,49,1427,11989,SLA,Medium Expenses,0,0,-2
168591,Alma College,2016,0,2,5,NA,2,MI,80,64,13,67,56,1484,10610,SLA,Medium Expenses,0,0,-1
168591,Alma College,2017,0,2,5,NA,2,MI,77,64,13,68,56,1465,11038,SLA,Medium Expenses,0,0,0
168591,Alma College,2018,0,2,5,NA,2,MI,79,62,20,64,51,1481,10668,SLA,Medium Expenses,0,1,1
168591,Alma College,2019,0,2,5,NA,2,MI,77,67,22,67,57,NA,10555,SLA,Medium Expenses,0,1,2
168591,Alma College,2020,0,2,5,NA,2,MI,83,69,16,71,59,1518,10232,SLA,Medium Expenses,0,1,3
168786,Aquinas College,2014,0,2,15,NA,2,MI,78,72,19,52,30,2148,6096,SLA,Low Expenses,0,0,-3
168786,Aquinas College,2015,0,2,15,NA,2,MI,81,91,19,57,39,2081,7058,SLA,Low Expenses,0,0,-2
168786,Aquinas College,2016,0,2,15,NA,2,MI,77,75,22,53,33,1975,7112,SLA,Low Expenses,0,0,-1
168786,Aquinas College,2017,0,2,15,NA,2,MI,74,69,22,59,36,1927,7176,SLA,Low Expenses,0,0,0
168786,Aquinas College,2018,0,2,15,NA,2,MI,75,69,20,61,36,1903,7471,SLA,Low Expenses,0,1,1
168786,Aquinas College,2019,0,2,15,NA,2,MI,78,71,21,60,40,NA,7509,SLA,Low Expenses,0,1,2
168786,Aquinas College,2020,0,2,15,NA,2,MI,72,89,17,65,39,1775,8423,SLA,Low Expenses,0,1,3
169080,Calvin University,2014,0,2,5,3,2,MI,87,74,33,74,58,4425,12897,SLA,Medium Expenses,0,0,-3
169080,Calvin University,2015,0,2,5,3,2,MI,86,75,31,74,57,4431,13243,SLA,Medium Expenses,0,0,-2
169080,Calvin University,2016,0,2,5,3,2,MI,85,83,33,77,62,4449,13121,SLA,Medium Expenses,0,0,-1
169080,Calvin University,2017,0,2,5,3,2,MI,87,79,27,72,59,4099,12479,SLA,Medium Expenses,0,0,0
169080,Calvin University,2018,0,2,5,3,2,MI,87,77,30,77,62,4121,12106,SLA,Medium Expenses,0,1,1
169080,Calvin University,2019,0,2,5,3,2,MI,85,73,27,76,64,NA,11820,SLA,Medium Expenses,0,1,2
169080,Calvin University,2020,0,2,5,3,2,MI,87,75,25,75,64,4020,11477,SLA,Medium Expenses,0,1,3
170286,Hillsdale College,2014,0,2,22,NA,2,MI,NA,50,40,NA,NA,1658,NA,SLA,NA,0,0,-3
170286,Hillsdale College,2015,0,2,22,NA,2,MI,96,45,43,77,64,1675,27833,SLA,High Expenses,0,0,-2
170286,Hillsdale College,2016,0,2,22,NA,2,MI,94,41,43,83,73,1560,23477,SLA,High Expenses,0,0,-1
170286,Hillsdale College,2017,0,2,22,NA,2,MI,93,36,43,85,71,1571,27866,SLA,High Expenses,0,0,0
170286,Hillsdale College,2018,0,2,22,NA,2,MI,91,48,45,87,79,1710,28469,SLA,High Expenses,0,1,1
170286,Hillsdale College,2019,0,2,22,NA,2,MI,96,36,47,86,74,NA,29736,SLA,High Expenses,0,1,2
170286,Hillsdale College,2020,0,2,22,NA,2,MI,97,24,56,88,78,1685,26986,SLA,High Expenses,0,1,3
170301,Hope College,2014,0,2,5,3,2,MI,91,72,25,80,70,3661,10084,SLA,Medium Expenses,0,0,-3
170301,Hope College,2015,0,2,5,3,2,MI,88,84,22,76,64,3601,10446,SLA,Medium Expenses,0,0,-2
170301,Hope College,2016,0,2,5,3,2,MI,91,74,24,79,68,3281,10823,SLA,Medium Expenses,0,0,-1
170301,Hope College,2017,0,2,5,3,2,MI,88,76,24,80,67,3303,11969,SLA,Medium Expenses,0,0,0
170301,Hope College,2018,0,2,5,3,2,MI,89,86,21,79,70,3280,11716,SLA,Medium Expenses,0,1,1
170301,Hope College,2019,0,2,5,3,2,MI,91,78,26,81,72,NA,12259,SLA,Medium Expenses,0,1,2
170301,Hope College,2020,0,2,5,3,2,MI,87,92,21,76,66,3158,12657,SLA,Medium Expenses,0,1,3
170532,Kalamazoo College,2014,0,2,22,NA,2,MI,92,72,21,82,77,1484,15391,SLA,High Expenses,0,0,-3
170532,Kalamazoo College,2015,0,2,22,NA,2,MI,92,66,15,83,77,1467,14683,SLA,High Expenses,0,0,-2
170532,Kalamazoo College,2016,0,2,22,NA,2,MI,88,73,18,81,73,1469,16312,SLA,High Expenses,0,0,-1
170532,Kalamazoo College,2017,0,2,22,NA,2,MI,90,73,17,86,82,1454,15715,SLA,High Expenses,0,0,0
170532,Kalamazoo College,2018,0,2,22,NA,2,MI,91,76,15,79,72,1485,16679,SLA,High Expenses,0,1,1
170532,Kalamazoo College,2019,0,2,22,NA,2,MI,88,74,15,86,76,NA,16761,SLA,High Expenses,0,1,2
170532,Kalamazoo College,2020,0,2,22,NA,2,MI,83,80,14,79,72,1510,17403,SLA,High Expenses,0,1,3
170976,University of Michigan-Ann Arbor,2014,0,1,6,1,5,MI,97,26,45,91,76,45241,22728,LRI,High Expenses,1,0,-3
170976,University of Michigan-Ann Arbor,2015,0,1,6,1,5,MI,97,29,42,90,75,45170,23234,LRI,High Expenses,1,0,-2
170976,University of Michigan-Ann Arbor,2016,0,1,6,1,5,MI,97,27,43,91,77,46316,24568,LRI,High Expenses,1,0,-1
170976,University of Michigan-Ann Arbor,2017,0,1,6,1,5,MI,97,23,45,92,77,47543,25620,LRI,High Expenses,1,0,0
170976,University of Michigan-Ann Arbor,2018,0,1,6,1,5,MI,97,23,46,92,79,48218,25489,LRI,High Expenses,1,1,1
170976,University of Michigan-Ann Arbor,2019,0,1,6,1,5,MI,97,26,41,93,80,NA,25972,LRI,High Expenses,1,1,2
170976,University of Michigan-Ann Arbor,2020,0,1,6,1,5,MI,96,20,45,93,81,49530,25086,LRI,High Expenses,1,1,3
171100,Michigan State University,2014,0,1,6,1,5,MI,92,66,35,79,53,55681,14779,LRI,High Expenses,1,0,-3
171100,Michigan State University,2015,0,1,6,1,5,MI,92,66,33,77,51,55896,15786,LRI,High Expenses,1,0,-2
171100,Michigan State University,2016,0,1,6,1,5,MI,91,72,32,78,52,55545,15542,LRI,High Expenses,1,0,-1
171100,Michigan State University,2017,0,1,6,1,5,MI,91,78,34,79,52,55423,16849,LRI,High Expenses,1,0,0
171100,Michigan State University,2018,0,1,6,1,5,MI,92,71,28,80,53,55332,17975,LRI,High Expenses,1,1,1
171100,Michigan State University,2019,0,1,6,1,5,MI,91,76,24,81,56,NA,17743,LRI,High Expenses,1,1,2
171100,Michigan State University,2020,0,1,6,1,5,MI,91,83,22,81,58,55406,17219,LRI,High Expenses,1,1,3
171599,The University of Olivet,2014,0,2,15,NA,2,MI,59,57,13,39,27,1180,5426,SLA,Low Expenses,0,0,-3
171599,The University of Olivet,2015,0,2,15,NA,2,MI,63,53,25,45,26,1104,5475,SLA,Low Expenses,0,0,-2
171599,The University of Olivet,2016,0,2,15,NA,2,MI,67,70,36,48,35,1196,5986,SLA,Low Expenses,0,0,-1
171599,The University of Olivet,2017,0,2,15,NA,2,MI,63,71,31,53,38,1316,6067,SLA,Low Expenses,0,0,0
171599,The University of Olivet,2018,0,2,15,NA,2,MI,60,NA,NA,48,39,1247,6066,SLA,Low Expenses,0,1,1
171599,The University of Olivet,2019,0,2,15,NA,2,MI,69,60,23,44,31,NA,7143,SLA,Low Expenses,0,1,2
171599,The University of Olivet,2020,0,2,15,NA,2,MI,57,89,21,49,43,1242,7032,SLA,Low Expenses,0,1,3
172644,Wayne State University,2014,0,1,16,1,4,MI,76,80,32,34,11,33116,13364,LRI,Medium Expenses,1,0,-3
172644,Wayne State University,2015,0,1,16,1,4,MI,77,81,29,35,11,32519,13463,LRI,Medium Expenses,1,0,-2
172644,Wayne State University,2016,0,1,16,1,4,MI,82,67,26,39,13,32411,12818,LRI,Medium Expenses,1,0,-1
172644,Wayne State University,2017,0,1,16,1,4,MI,81,71,26,47,19,32218,12570,LRI,Medium Expenses,1,0,0
172644,Wayne State University,2018,0,1,16,1,4,MI,79,73,26,47,18,31759,12596,LRI,Medium Expenses,1,1,1
172644,Wayne State University,2019,0,1,16,1,4,MI,79,69,26,48,20,NA,12636,LRI,Medium Expenses,1,1,2
172644,Wayne State University,2020,0,1,16,1,4,MI,82,63,28,52,24,30841,12491,LRI,Medium Expenses,1,1,3
172699,Western Michigan University,2014,0,1,16,2,4,MI,78,82,24,54,23,27237,10047,LRI,Medium Expenses,1,0,-3
172699,Western Michigan University,2015,0,1,16,2,4,MI,79,82,26,54,23,26525,10321,LRI,Medium Expenses,1,0,-2
172699,Western Michigan University,2016,0,1,16,2,4,MI,79,82,27,53,22,26096,11177,LRI,Medium Expenses,1,0,-1
172699,Western Michigan University,2017,0,1,16,2,4,MI,78,81,22,51,22,25645,11914,LRI,Medium Expenses,1,0,0
172699,Western Michigan University,2018,0,1,16,2,4,MI,80,80,21,53,23,25010,12140,LRI,Medium Expenses,1,1,1
172699,Western Michigan University,2019,0,1,16,2,4,MI,78,85,19,57,27,NA,11742,LRI,Medium Expenses,1,1,2
172699,Western Michigan University,2020,0,1,16,2,4,MI,78,83,14,57,27,22996,12438,LRI,Medium Expenses,1,1,3
173142,Bethany Lutheran College,2014,0,2,5,NA,2,MN,71,85,46,55,40,581,12008,SLA,Medium Expenses,0,0,-3
173142,Bethany Lutheran College,2015,0,2,5,NA,2,MN,73,80,52,49,39,607,12413,SLA,Medium Expenses,0,0,-2
173142,Bethany Lutheran College,2016,0,2,5,NA,2,MN,82,79,44,55,48,631,12329,SLA,Medium Expenses,0,0,-1
173142,Bethany Lutheran College,2017,0,2,5,NA,2,MN,83,78,45,52,40,753,12726,SLA,Medium Expenses,0,0,0
173142,Bethany Lutheran College,2018,0,2,5,NA,2,MN,80,73,39,55,46,821,13137,SLA,Medium Expenses,0,1,1
173142,Bethany Lutheran College,2019,0,2,5,NA,2,MN,71,65,36,54,43,NA,11047,SLA,Medium Expenses,0,1,2
173142,Bethany Lutheran College,2020,0,2,5,NA,2,MN,87,61,45,62,47,884,11053,SLA,Medium Expenses,0,1,3
173258,Carleton College,2014,0,2,22,3,2,MN,97,21,35,93,91,2092,26922,SLA,High Expenses,0,0,-3
173258,Carleton College,2015,0,2,22,3,2,MN,96,23,39,95,91,2093,27406,SLA,High Expenses,0,0,-2
173258,Carleton College,2016,0,2,22,3,2,MN,96,21,38,92,88,2155,29133,SLA,High Expenses,0,0,-1
173258,Carleton College,2017,0,2,22,3,2,MN,96,20,38,94,89,2126,30002,SLA,High Expenses,0,0,0
173258,Carleton College,2018,0,2,22,3,2,MN,97,19,37,93,88,2129,31370,SLA,High Expenses,0,1,1
173258,Carleton College,2019,0,2,22,3,2,MN,95,21,31,92,88,NA,31859,SLA,High Expenses,0,1,2
173258,Carleton College,2020,0,2,22,3,2,MN,94,18,40,94,88,2150,33282,SLA,High Expenses,0,1,3
173300,Concordia College at Moorhead,2014,0,2,5,NA,2,MN,83,78,29,72,66,2468,10948,SLA,Medium Expenses,0,0,-3
173300,Concordia College at Moorhead,2015,0,2,5,NA,2,MN,82,65,22,73,63,2234,11508,SLA,Medium Expenses,0,0,-2
173300,Concordia College at Moorhead,2016,0,2,5,NA,2,MN,84,62,20,73,66,2178,13018,SLA,Medium Expenses,0,0,-1
173300,Concordia College at Moorhead,2017,0,2,5,NA,2,MN,82,61,23,70,67,2132,12427,SLA,Medium Expenses,0,0,0
173300,Concordia College at Moorhead,2018,0,2,5,NA,2,MN,85,68,22,75,70,2188,12850,SLA,Medium Expenses,0,1,1
173300,Concordia College at Moorhead,2019,0,2,5,NA,2,MN,80,58,21,72,69,NA,12608,SLA,Medium Expenses,0,1,2
173300,Concordia College at Moorhead,2020,0,2,5,NA,2,MN,84,72,17,68,63,2090,6671,SLA,Low Expenses,0,1,3
173647,Gustavus Adolphus College,2014,0,2,22,NA,2,MN,91,67,20,81,80,2476,15317,SLA,High Expenses,0,0,-3
173647,Gustavus Adolphus College,2015,0,2,22,NA,2,MN,89,65,17,82,81,2386,15098,SLA,High Expenses,0,0,-2
173647,Gustavus Adolphus College,2016,0,2,22,NA,2,MN,89,68,18,81,78,2263,15426,SLA,High Expenses,0,0,-1
173647,Gustavus Adolphus College,2017,0,2,22,NA,2,MN,89,66,19,80,77,2198,15347,SLA,High Expenses,0,0,0
173647,Gustavus Adolphus College,2018,0,2,22,NA,2,MN,87,69,19,78,76,2254,16129,SLA,High Expenses,0,1,1
173647,Gustavus Adolphus College,2019,0,2,22,NA,2,MN,88,71,18,78,73,NA,16278,SLA,High Expenses,0,1,2
173647,Gustavus Adolphus College,2020,0,2,22,NA,2,MN,88,73,20,78,75,2611,16857,SLA,High Expenses,0,1,3
173665,Hamline University,2014,0,2,10,NA,2,MN,83,72,18,65,56,6676,7489,SLA,Low Expenses,0,0,-3
173665,Hamline University,2015,0,2,10,NA,2,MN,79,70,18,63,53,6392,7918,SLA,Low Expenses,0,0,-2
173665,Hamline University,2016,0,2,10,NA,2,MN,79,69,18,59,51,5633,7264,SLA,Low Expenses,0,0,-1
173665,Hamline University,2017,0,2,10,NA,2,MN,84,67,17,67,59,5228,7655,SLA,Low Expenses,0,0,0
173665,Hamline University,2018,0,2,10,NA,2,MN,74,68,18,63,55,4802,7793,SLA,Low Expenses,0,1,1
173665,Hamline University,2019,0,2,10,NA,2,MN,78,69,15,70,63,NA,7524,SLA,Low Expenses,0,1,2
173665,Hamline University,2020,0,2,10,NA,2,MN,74,76,14,65,55,4597,7502,SLA,Low Expenses,0,1,3
173902,Macalester College,2014,0,2,22,NA,2,MN,94,39,25,90,84,2177,19210,SLA,High Expenses,0,0,-3
173902,Macalester College,2015,0,2,22,NA,2,MN,95,37,23,90,85,2238,20370,SLA,High Expenses,0,0,-2
173902,Macalester College,2016,0,2,22,NA,2,MN,93,41,23,88,84,2249,20058,SLA,High Expenses,0,0,-1
173902,Macalester College,2017,0,2,22,NA,2,MN,93,41,25,87,85,2174,20227,SLA,High Expenses,0,0,0
173902,Macalester College,2018,0,2,22,NA,2,MN,96,32,24,90,85,2232,19815,SLA,High Expenses,0,1,1
173902,Macalester College,2019,0,2,22,NA,2,MN,93,39,22,91,86,NA,20882,SLA,High Expenses,0,1,2
173902,Macalester College,2020,0,2,22,NA,2,MN,90,31,21,93,88,2118,22586,SLA,High Expenses,0,1,3
174066,University of Minnesota-Twin Cities,2014,0,1,6,1,5,MN,92,45,28,78,58,64259,13558,LRI,Medium Expenses,1,0,-3
174066,University of Minnesota-Twin Cities,2015,0,1,6,1,5,MN,93,44,27,77,59,63664,13561,LRI,Medium Expenses,1,0,-2
174066,University of Minnesota-Twin Cities,2016,0,1,6,1,5,MN,93,50,29,78,61,64860,15407,LRI,High Expenses,1,0,-1
174066,University of Minnesota-Twin Cities,2017,0,1,6,1,5,MN,93,52,27,80,64,64115,15511,LRI,High Expenses,1,0,0
174066,University of Minnesota-Twin Cities,2018,0,1,6,1,5,MN,93,57,27,80,65,61787,15527,LRI,High Expenses,1,1,1
174066,University of Minnesota-Twin Cities,2019,0,1,6,1,5,MN,93,70,22,83,69,NA,16037,LRI,High Expenses,1,1,2
174066,University of Minnesota-Twin Cities,2020,0,1,6,1,5,MN,93,73,26,84,71,63760,16272,LRI,High Expenses,1,1,3
174251,University of Minnesota-Morris,2014,0,1,22,NA,2,MN,79,60,19,67,54,2034,8474,SLA,Low Expenses,0,0,-3
174251,University of Minnesota-Morris,2015,0,1,22,NA,2,MN,77,58,19,65,51,2020,9136,SLA,Low Expenses,0,0,-2
174251,University of Minnesota-Morris,2016,0,1,22,NA,2,MN,78,64,17,64,50,1912,9566,SLA,Low Expenses,0,0,-1
174251,University of Minnesota-Morris,2017,0,1,22,NA,2,MN,80,63,19,59,50,1778,9634,SLA,Low Expenses,0,0,0
174251,University of Minnesota-Morris,2018,0,1,22,NA,2,MN,78,57,17,66,52,1658,10615,SLA,Medium Expenses,0,1,1
174251,University of Minnesota-Morris,2019,0,1,22,NA,2,MN,79,65,10,58,47,NA,11183,SLA,Medium Expenses,0,1,2
174251,University of Minnesota-Morris,2020,0,1,22,NA,2,MN,78,76,15,60,46,1637,12215,SLA,Medium Expenses,0,1,3
174747,College of Saint Benedict,2014,0,2,22,NA,2,MN,88,74,35,81,74,2042,11311,SLA,Medium Expenses,0,0,-3
174747,College of Saint Benedict,2015,0,2,22,NA,2,MN,91,88,31,85,77,1989,11442,SLA,Medium Expenses,0,0,-2
174747,College of Saint Benedict,2016,0,2,22,NA,2,MN,83,81,32,84,79,2022,12542,SLA,Medium Expenses,0,0,-1
174747,College of Saint Benedict,2017,0,2,22,NA,2,MN,87,83,28,82,76,1975,11268,SLA,Medium Expenses,0,0,0
174747,College of Saint Benedict,2018,0,2,22,NA,2,MN,89,80,27,80,74,1813,11494,SLA,Medium Expenses,0,1,1
174747,College of Saint Benedict,2019,0,2,22,NA,2,MN,85,84,26,80,75,NA,12563,SLA,Medium Expenses,0,1,2
174747,College of Saint Benedict,2020,0,2,22,NA,2,MN,89,92,25,85,80,1789,12460,SLA,Medium Expenses,0,1,3
174792,Saint Johns University,2014,0,2,5,NA,2,MN,88,74,38,80,72,1987,13539,SLA,Medium Expenses,0,0,-3
174792,Saint Johns University,2015,0,2,5,NA,2,MN,85,88,36,77,66,1941,14412,SLA,High Expenses,0,0,-2
174792,Saint Johns University,2016,0,2,5,NA,2,MN,89,80,36,79,72,1933,14496,SLA,High Expenses,0,0,-1
174792,Saint Johns University,2017,0,2,5,NA,2,MN,88,80,33,74,66,1920,13158,SLA,Medium Expenses,0,0,0
174792,Saint Johns University,2018,0,2,5,NA,2,MN,87,78,30,76,68,1856,14168,SLA,High Expenses,0,1,1
174792,Saint Johns University,2019,0,2,5,NA,2,MN,85,81,32,75,70,NA,14381,SLA,High Expenses,0,1,2
174792,Saint Johns University,2020,0,2,5,NA,2,MN,82,89,30,74,69,1799,13950,SLA,Medium Expenses,0,1,3
174844,St Olaf College,2014,0,2,22,NA,2,MN,93,36,28,89,86,3113,16837,SLA,High Expenses,0,0,-3
174844,St Olaf College,2015,0,2,22,NA,2,MN,93,45,30,87,84,3122,16922,SLA,High Expenses,0,0,-2
174844,St Olaf College,2016,0,2,22,NA,2,MN,92,43,31,88,85,3137,17896,SLA,High Expenses,0,0,-1
174844,St Olaf College,2017,0,2,22,NA,2,MN,92,50,29,88,85,3120,18240,SLA,High Expenses,0,0,0
174844,St Olaf College,2018,0,2,22,NA,2,MN,91,48,30,86,82,3119,18122,SLA,High Expenses,0,1,1
174844,St Olaf College,2019,0,2,22,NA,2,MN,91,51,27,86,81,NA,18138,SLA,High Expenses,0,1,2
174844,St Olaf College,2020,0,2,22,NA,2,MN,91,47,25,85,82,3149,18147,SLA,High Expenses,0,1,3
177339,Evangel University,2014,0,2,18,NA,2,MO,75,61,40,48,34,2154,6895,SLA,Low Expenses,0,0,-3
177339,Evangel University,2015,0,2,18,NA,2,MO,71,75,46,54,38,2102,7244,SLA,Low Expenses,0,0,-2
177339,Evangel University,2016,0,2,18,NA,2,MO,76,99,44,55,44,2312,7243,SLA,Low Expenses,0,0,-1
177339,Evangel University,2017,0,2,18,NA,2,MO,79,79,41,48,31,2288,5237,SLA,Low Expenses,0,0,0
177339,Evangel University,2018,0,2,18,NA,2,MO,79,97,42,51,38,2308,5550,SLA,Low Expenses,0,1,1
177339,Evangel University,2019,0,2,18,NA,2,MO,80,95,41,56,44,NA,4784,SLA,Low Expenses,0,1,2
177339,Evangel University,2020,0,2,18,NA,2,MO,80,64,39,55,27,2459,4750,SLA,Low Expenses,0,1,3
178396,University of Missouri-Columbia,2014,0,1,16,1,4,MO,86,78,36,69,46,39073,11448,LRI,Medium Expenses,1,0,-3
178396,University of Missouri-Columbia,2015,0,1,16,1,4,MO,87,75,30,69,46,39040,11956,LRI,Medium Expenses,1,0,-2
178396,University of Missouri-Columbia,2016,0,1,16,1,4,MO,86,78,32,68,44,36780,11477,LRI,Medium Expenses,1,0,-1
178396,University of Missouri-Columbia,2017,0,1,16,1,4,MO,87,78,32,68,44,34329,12083,LRI,Medium Expenses,1,0,0
178396,University of Missouri-Columbia,2018,0,1,16,1,4,MO,87,81,34,69,46,33333,12543,LRI,Medium Expenses,1,1,1
178396,University of Missouri-Columbia,2019,0,1,16,1,4,MO,88,82,31,71,48,NA,14153,LRI,High Expenses,1,1,2
178396,University of Missouri-Columbia,2020,0,1,16,1,4,MO,89,77,32,73,50,32916,13410,LRI,Medium Expenses,1,1,3
179548,Stephens College,2014,0,2,20,NA,2,MO,61,68,23,49,46,983,9552,SLA,Low Expenses,0,0,-3
179548,Stephens College,2015,0,2,20,NA,2,MO,72,61,22,55,27,994,10009,SLA,Medium Expenses,0,0,-2
179548,Stephens College,2016,0,2,20,NA,2,MO,68,53,19,48,47,1026,10726,SLA,Medium Expenses,0,0,-1
179548,Stephens College,2017,0,2,20,NA,2,MO,61,59,20,61,59,920,10033,SLA,Medium Expenses,0,0,0
179548,Stephens College,2018,0,2,20,NA,2,MO,64,56,20,50,47,784,11862,SLA,Medium Expenses,0,1,1
179548,Stephens College,2019,0,2,20,NA,2,MO,63,64,18,46,42,NA,13461,SLA,Medium Expenses,0,1,2
179548,Stephens College,2020,0,2,20,NA,2,MO,77,64,23,59,15,751,13826,SLA,Medium Expenses,0,1,3
179946,Westminster College,2014,0,2,5,NA,2,MO,78,64,21,66,50,975,6678,SLA,Low Expenses,0,0,-3
179946,Westminster College,2015,0,2,5,NA,2,MO,83,65,20,66,48,1052,6252,SLA,Low Expenses,0,0,-2
179946,Westminster College,2016,0,2,5,NA,2,MO,76,90,19,64,56,972,7190,SLA,Low Expenses,0,0,-1
179946,Westminster College,2017,0,2,5,NA,2,MO,73,94,21,65,57,843,7113,SLA,Low Expenses,0,0,0
179946,Westminster College,2018,0,2,5,NA,2,MO,76,96,19,58,49,739,7073,SLA,Low Expenses,0,1,1
179946,Westminster College,2019,0,2,5,NA,2,MO,77,97,19,59,46,NA,7736,SLA,Low Expenses,0,1,2
179946,Westminster College,2020,0,2,5,NA,2,MO,73,97,13,60,49,683,8314,SLA,Low Expenses,0,1,3
179955,William Jewell College,2014,0,2,15,NA,2,MO,77,49,34,60,57,1165,9847,SLA,Low Expenses,0,0,-3
179955,William Jewell College,2015,0,2,15,NA,2,MO,82,51,23,62,56,1164,9806,SLA,Low Expenses,0,0,-2
179955,William Jewell College,2016,0,2,15,NA,2,MO,78,48,25,63,60,1092,10114,SLA,Medium Expenses,0,0,-1
179955,William Jewell College,2017,0,2,15,NA,2,MO,78,46,28,59,54,1037,10934,SLA,Medium Expenses,0,0,0
179955,William Jewell College,2018,0,2,15,NA,2,MO,73,46,31,65,57,868,11989,SLA,Medium Expenses,0,1,1
179955,William Jewell College,2019,0,2,15,NA,2,MO,78,36,34,63,53,NA,12443,SLA,Medium Expenses,0,1,2
179955,William Jewell College,2020,0,2,15,NA,2,MO,77,47,34,67,62,819,13054,SLA,Medium Expenses,0,1,3
181020,Doane University,2014,0,2,20,NA,2,NE,72,77,23,59,55,1079,10364,SLA,Medium Expenses,0,0,-3
181020,Doane University,2015,0,2,20,NA,2,NE,69,76,20,61,57,1078,11677,SLA,Medium Expenses,0,0,-2
181020,Doane University,2016,0,2,20,NA,2,NE,71,65,19,59,50,1072,12047,SLA,Medium Expenses,0,0,-1
181020,Doane University,2017,0,2,20,NA,2,NE,78,68,14,63,59,1089,12389,SLA,Medium Expenses,0,0,0
181020,Doane University,2018,0,2,20,NA,2,NE,71,71,21,65,52,3416,12006,SLA,Medium Expenses,0,1,1
181020,Doane University,2019,0,2,20,NA,2,NE,71,69,20,54,44,NA,10595,SLA,Medium Expenses,0,1,2
181020,Doane University,2020,0,2,20,NA,2,NE,77,77,17,60,55,3197,9555,SLA,Low Expenses,0,1,3
181127,Hastings College,2014,0,2,15,NA,2,NE,74,71,24,59,48,1349,8140,SLA,Low Expenses,0,0,-3
181127,Hastings College,2015,0,2,15,NA,2,NE,71,64,25,58,46,1385,7679,SLA,Low Expenses,0,0,-2
181127,Hastings College,2016,0,2,15,NA,2,NE,65,68,23,58,46,1336,7506,SLA,Low Expenses,0,0,-1
181127,Hastings College,2017,0,2,15,NA,2,NE,68,64,21,55,46,1288,8153,SLA,Low Expenses,0,0,0
181127,Hastings College,2018,0,2,15,NA,2,NE,66,67,25,53,47,1133,7416,SLA,Low Expenses,0,1,1
181127,Hastings College,2019,0,2,15,NA,2,NE,66,66,21,59,49,NA,8363,SLA,Low Expenses,0,1,2
181127,Hastings College,2020,0,2,15,NA,2,NE,71,71,19,60,51,1043,8667,SLA,Low Expenses,0,1,3
181464,University of Nebraska-Lincoln,2014,0,1,16,1,4,NE,84,76,62,67,33,27004,10896,LRI,Medium Expenses,1,0,-3
181464,University of Nebraska-Lincoln,2015,0,1,16,1,4,NE,83,75,58,67,33,27908,11289,LRI,Medium Expenses,1,0,-2
181464,University of Nebraska-Lincoln,2016,0,1,16,1,4,NE,82,64,51,67,36,28550,10385,LRI,Medium Expenses,1,0,-1
181464,University of Nebraska-Lincoln,2017,0,1,16,1,4,NE,83,80,40,68,39,28642,12043,LRI,Medium Expenses,1,0,0
181464,University of Nebraska-Lincoln,2018,0,1,16,1,4,NE,83,78,36,69,41,28686,12222,LRI,Medium Expenses,1,1,1
181464,University of Nebraska-Lincoln,2019,0,1,16,1,4,NE,81,78,35,66,41,NA,12285,LRI,Medium Expenses,1,1,2
181464,University of Nebraska-Lincoln,2020,0,1,16,1,4,NE,85,81,33,66,42,32498,11055,LRI,Medium Expenses,1,1,3
201441,Bowling Green State University-Main Campus,2014,0,1,16,2,4,OH,76,73,32,55,32,18975,8710,LRI,Low Expenses,1,0,-3
201441,Bowling Green State University-Main Campus,2015,0,1,16,2,4,OH,78,76,30,57,34,19460,8559,LRI,Low Expenses,1,0,-2
201441,Bowling Green State University-Main Campus,2016,0,1,16,2,4,OH,76,73,29,55,34,20395,8865,LRI,Low Expenses,1,0,-1
201441,Bowling Green State University-Main Campus,2017,0,1,16,2,4,OH,77,72,27,53,35,20459,9390,LRI,Low Expenses,1,0,0
201441,Bowling Green State University-Main Campus,2018,0,1,16,2,4,OH,77,72,27,56,38,20534,7874,LRI,Low Expenses,1,1,1
201441,Bowling Green State University-Main Campus,2019,0,1,16,2,4,OH,77,75,24,61,42,NA,8989,LRI,Low Expenses,1,1,2
201441,Bowling Green State University-Main Campus,2020,0,1,16,2,4,OH,79,79,19,62,44,20945,9073,LRI,Low Expenses,1,1,3
201885,University of Cincinnati-Main Campus,2014,0,1,16,1,5,OH,86,86,34,60,28,40996,10072,LRI,Medium Expenses,1,0,-3
201885,University of Cincinnati-Main Campus,2015,0,1,16,1,5,OH,88,76,34,62,28,41712,10378,LRI,Medium Expenses,1,0,-2
201885,University of Cincinnati-Main Campus,2016,0,1,16,1,5,OH,88,76,33,67,31,42252,11306,LRI,Medium Expenses,1,0,-1
201885,University of Cincinnati-Main Campus,2017,0,1,16,1,5,OH,86,73,31,69,33,43326,11854,LRI,Medium Expenses,1,0,0
201885,University of Cincinnati-Main Campus,2018,0,1,16,1,5,OH,86,77,30,68,34,43692,11102,LRI,Medium Expenses,1,1,1
201885,University of Cincinnati-Main Campus,2019,0,1,16,1,5,OH,88,76,29,71,35,NA,11744,LRI,Medium Expenses,1,1,2
201885,University of Cincinnati-Main Campus,2020,0,1,16,1,5,OH,88,85,25,73,37,46140,11284,LRI,Medium Expenses,1,1,3
202523,Denison University,2014,0,2,22,NA,2,OH,89,48,22,82,79,2285,17967,SLA,High Expenses,0,0,-3
202523,Denison University,2015,0,2,22,NA,2,OH,87,44,21,80,77,2283,18898,SLA,High Expenses,0,0,-2
202523,Denison University,2016,0,2,22,NA,2,OH,89,37,22,80,77,2290,19793,SLA,High Expenses,0,0,-1
202523,Denison University,2017,0,2,22,NA,2,OH,91,34,24,86,83,2376,19139,SLA,High Expenses,0,0,0
202523,Denison University,2018,0,2,22,NA,2,OH,89,29,24,85,82,2422,18323,SLA,High Expenses,0,1,1
202523,Denison University,2019,0,2,22,NA,2,OH,90,28,24,82,78,NA,19348,SLA,High Expenses,0,1,2
202523,Denison University,2020,0,2,22,NA,2,OH,85,28,24,80,77,2432,20958,SLA,High Expenses,0,1,3
203085,Heidelberg University,2014,0,2,10,NA,2,OH,68,79,30,47,35,1563,9017,SLA,Low Expenses,0,0,-3
203085,Heidelberg University,2015,0,2,10,NA,2,OH,62,79,28,39,31,1429,9240,SLA,Low Expenses,0,0,-2
203085,Heidelberg University,2016,0,2,10,NA,2,OH,78,76,24,49,41,1490,9823,SLA,Low Expenses,0,0,-1
203085,Heidelberg University,2017,0,2,10,NA,2,OH,67,73,26,49,39,1462,9100,SLA,Low Expenses,0,0,0
203085,Heidelberg University,2018,0,2,10,NA,2,OH,67,75,26,50,39,1409,9670,SLA,Low Expenses,0,1,1
203085,Heidelberg University,2019,0,2,10,NA,2,OH,72,81,21,51,44,NA,9788,SLA,Low Expenses,0,1,2
203085,Heidelberg University,2020,0,2,10,NA,2,OH,78,86,17,52,46,1364,9110,SLA,Low Expenses,0,1,3
203128,Hiram College,2014,0,2,5,NA,2,OH,69,58,15,63,57,1383,9183,SLA,Low Expenses,0,0,-3
203128,Hiram College,2015,0,2,5,NA,2,OH,66,54,15,60,53,1242,8971,SLA,Low Expenses,0,0,-2
203128,Hiram College,2016,0,2,5,NA,2,OH,70,64,15,61,54,1233,11104,SLA,Medium Expenses,0,0,-1
203128,Hiram College,2017,0,2,5,NA,2,OH,70,58,15,56,50,1420,10152,SLA,Medium Expenses,0,0,0
203128,Hiram College,2018,0,2,5,NA,2,OH,76,60,13,58,52,1364,11215,SLA,Medium Expenses,0,1,1
203128,Hiram College,2019,0,2,5,NA,2,OH,68,93,16,54,45,NA,9538,SLA,Low Expenses,0,1,2
203128,Hiram College,2020,0,2,5,NA,2,OH,75,93,14,50,41,1437,8281,SLA,Low Expenses,0,1,3
203368,John Carroll University,2014,0,2,10,NA,2,OH,85,82,23,71,60,4006,9268,SLA,Low Expenses,0,0,-3
203368,John Carroll University,2015,0,2,10,NA,2,OH,85,83,22,73,57,4150,9932,SLA,Medium Expenses,0,0,-2
203368,John Carroll University,2016,0,2,10,NA,2,OH,84,85,23,76,65,4023,9479,SLA,Low Expenses,0,0,-1
203368,John Carroll University,2017,0,2,10,NA,2,OH,86,83,25,78,72,4018,10348,SLA,Medium Expenses,0,0,0
203368,John Carroll University,2018,0,2,10,NA,2,OH,83,86,22,78,69,4042,10692,SLA,Medium Expenses,0,1,1
203368,John Carroll University,2019,0,2,10,NA,2,OH,89,88,20,76,68,NA,10315,SLA,Medium Expenses,0,1,2
203368,John Carroll University,2020,0,2,10,NA,2,OH,84,88,17,75,67,3857,10896,SLA,Medium Expenses,0,1,3
203517,Kent State University at Kent,2014,0,1,16,1,4,OH,82,85,32,55,31,35386,7718,LRI,Low Expenses,1,0,-3
203517,Kent State University at Kent,2015,0,1,16,1,4,OH,81,85,32,56,32,36070,7666,LRI,Low Expenses,1,0,-2
203517,Kent State University at Kent,2016,0,1,16,1,4,OH,82,88,32,55,32,35611,7943,LRI,Low Expenses,1,0,-1
203517,Kent State University at Kent,2017,0,1,16,1,4,OH,80,85,32,58,34,34023,8971,LRI,Low Expenses,1,0,0
203517,Kent State University at Kent,2018,0,1,16,1,4,OH,81,86,31,60,37,33013,6718,LRI,Low Expenses,1,1,1
203517,Kent State University at Kent,2019,0,1,16,1,4,OH,81,84,25,62,51,NA,8961,LRI,Low Expenses,1,1,2
203517,Kent State University at Kent,2020,0,1,16,1,4,OH,82,87,23,65,55,32341,9122,LRI,Low Expenses,1,1,3
203535,Kenyon College,2014,0,2,22,NA,2,OH,94,26,29,89,89,1764,22319,SLA,High Expenses,0,0,-3
203535,Kenyon College,2015,0,2,22,NA,2,OH,93,27,29,87,84,1764,21910,SLA,High Expenses,0,0,-2
203535,Kenyon College,2016,0,2,22,NA,2,OH,91,34,24,90,89,1795,22093,SLA,High Expenses,0,0,-1
203535,Kenyon College,2017,0,2,22,NA,2,OH,93,36,24,91,86,1768,22831,SLA,High Expenses,0,0,0
203535,Kenyon College,2018,0,2,22,NA,2,OH,91,34,21,87,85,1831,23503,SLA,High Expenses,0,1,1
203535,Kenyon College,2019,0,2,22,NA,2,OH,89,37,18,91,87,NA,24415,SLA,High Expenses,0,1,2
203535,Kenyon College,2020,0,2,22,NA,2,OH,89,37,18,89,86,1832,22699,SLA,High Expenses,0,1,3
204024,Miami University-Oxford,2014,0,1,19,2,4,OH,90,65,21,79,66,20802,10181,LRI,Medium Expenses,1,0,-3
204024,Miami University-Oxford,2015,0,1,19,2,4,OH,90,65,20,80,65,21235,10679,LRI,Medium Expenses,1,0,-2
204024,Miami University-Oxford,2016,0,1,19,2,4,OH,92,68,19,78,66,21717,10786,LRI,Medium Expenses,1,0,-1
204024,Miami University-Oxford,2017,0,1,19,2,4,OH,91,75,18,79,67,21731,11720,LRI,Medium Expenses,1,0,0
204024,Miami University-Oxford,2018,0,1,19,2,4,OH,92,80,19,80,68,22010,11259,LRI,Medium Expenses,1,1,1
204024,Miami University-Oxford,2019,0,1,19,2,4,OH,89,92,15,81,71,NA,11232,LRI,Medium Expenses,1,1,2
204024,Miami University-Oxford,2020,0,1,19,2,4,OH,88,89,17,82,71,21667,11180,LRI,Medium Expenses,1,1,3
204185,University of Mount Union,2014,0,2,15,NA,2,OH,78,75,31,63,51,2345,9277,SLA,Low Expenses,0,0,-3
204185,University of Mount Union,2015,0,2,15,NA,2,OH,78,77,33,61,54,2290,9094,SLA,Low Expenses,0,0,-2
204185,University of Mount Union,2016,0,2,15,NA,2,OH,79,81,33,59,53,2386,9515,SLA,Low Expenses,0,0,-1
204185,University of Mount Union,2017,0,2,15,NA,2,OH,75,96,27,62,55,2423,9661,SLA,Low Expenses,0,0,0
204185,University of Mount Union,2018,0,2,15,NA,2,OH,77,77,23,64,54,2453,9469,SLA,Low Expenses,0,1,1
204185,University of Mount Union,2019,0,2,15,NA,2,OH,72,77,21,66,58,NA,9698,SLA,Low Expenses,0,1,2
204185,University of Mount Union,2020,0,2,15,NA,2,OH,76,80,18,66,58,2411,9273,SLA,Low Expenses,0,1,3
204264,Muskingum University,2014,0,2,15,NA,2,OH,71,74,25,53,37,3558,8808,SLA,Low Expenses,0,0,-3
204264,Muskingum University,2015,0,2,15,NA,2,OH,74,77,23,52,34,3380,9178,SLA,Low Expenses,0,0,-2
204264,Muskingum University,2016,0,2,15,NA,2,OH,66,74,28,54,38,2253,9010,SLA,Low Expenses,0,0,-1
204264,Muskingum University,2017,0,2,15,NA,2,OH,75,72,24,48,34,3039,9994,SLA,Medium Expenses,0,0,0
204264,Muskingum University,2018,0,2,15,NA,2,OH,76,81,20,51,36,3222,9664,SLA,Low Expenses,0,1,1
204264,Muskingum University,2019,0,2,15,NA,2,OH,72,80,20,53,39,NA,9750,SLA,Low Expenses,0,1,2
204264,Muskingum University,2020,0,2,15,NA,2,OH,73,86,20,56,42,3045,9001,SLA,Low Expenses,0,1,3
204501,Oberlin College,2014,0,2,22,NA,2,OH,94,29,35,88,76,3094,28894,SLA,High Expenses,0,0,-3
204501,Oberlin College,2015,0,2,22,NA,2,OH,92,28,32,88,76,3061,28867,SLA,High Expenses,0,0,-2
204501,Oberlin College,2016,0,2,22,NA,2,OH,89,34,28,85,71,3051,30431,SLA,High Expenses,0,0,-1
204501,Oberlin College,2017,0,2,22,NA,2,OH,91,36,30,86,75,2975,30625,SLA,High Expenses,0,0,0
204501,Oberlin College,2018,0,2,22,NA,2,OH,89,36,28,86,75,2939,29472,SLA,High Expenses,0,1,1
204501,Oberlin College,2019,0,2,22,NA,2,OH,91,35,21,86,76,NA,27684,SLA,High Expenses,0,1,2
204501,Oberlin College,2020,0,2,22,NA,2,OH,83,34,24,86,77,3057,25740,SLA,High Expenses,0,1,3
204796,Ohio State University-Main Campus,2014,0,1,6,1,5,OH,94,49,35,83,61,63485,16075,LRI,High Expenses,1,0,-3
204796,Ohio State University-Main Campus,2015,0,1,6,1,5,OH,94,54,33,83,59,63735,17523,LRI,High Expenses,1,0,-2
204796,Ohio State University-Main Campus,2016,0,1,6,1,5,OH,94,48,31,84,59,64723,18403,LRI,High Expenses,1,0,-1
204796,Ohio State University-Main Campus,2017,0,1,6,1,5,OH,94,52,32,83,59,64924,18302,LRI,High Expenses,1,0,0
204796,Ohio State University-Main Campus,2018,0,1,6,1,5,OH,95,54,30,84,59,66178,14779,LRI,High Expenses,1,1,1
204796,Ohio State University-Main Campus,2019,0,1,6,1,5,OH,94,68,26,86,62,NA,18477,LRI,High Expenses,1,1,2
204796,Ohio State University-Main Campus,2020,0,1,6,1,5,OH,94,57,25,87,65,66017,18429,LRI,High Expenses,1,1,3
204857,Ohio University-Main Campus,2014,0,1,16,1,4,OH,80,74,28,67,49,34771,9704,LRI,Low Expenses,1,0,-3
204857,Ohio University-Main Campus,2015,0,1,16,1,4,OH,79,75,28,67,48,35053,9455,LRI,Low Expenses,1,0,-2
204857,Ohio University-Main Campus,2016,0,1,16,1,4,OH,82,74,21,64,46,33991,9867,LRI,Low Expenses,1,0,-1
204857,Ohio University-Main Campus,2017,0,1,16,1,4,OH,80,78,22,64,44,33764,11004,LRI,Medium Expenses,1,0,0
204857,Ohio University-Main Campus,2018,0,1,16,1,4,OH,81,82,19,64,45,33920,9847,LRI,Low Expenses,1,1,1
204857,Ohio University-Main Campus,2019,0,1,16,1,4,OH,82,87,16,65,45,NA,10262,LRI,Medium Expenses,1,1,2
204857,Ohio University-Main Campus,2020,0,1,16,1,4,OH,81,89,19,66,48,31679,11176,LRI,Medium Expenses,1,1,3
204909,Ohio Wesleyan University,2014,0,2,22,NA,2,OH,79,75,15,66,60,1793,13075,SLA,Medium Expenses,0,0,-3
204909,Ohio Wesleyan University,2015,0,2,22,NA,2,OH,79,72,17,71,64,1734,14437,SLA,High Expenses,0,0,-2
204909,Ohio Wesleyan University,2016,0,2,22,NA,2,OH,81,71,15,67,62,1712,14783,SLA,High Expenses,0,0,-1
204909,Ohio Wesleyan University,2017,0,2,22,NA,2,OH,78,69,14,70,62,1603,15903,SLA,High Expenses,0,0,0
204909,Ohio Wesleyan University,2018,0,2,22,NA,2,OH,77,67,14,67,61,1611,16019,SLA,High Expenses,0,1,1
204909,Ohio Wesleyan University,2019,0,2,22,NA,2,OH,78,68,15,65,59,NA,16229,SLA,High Expenses,0,1,2
204909,Ohio Wesleyan University,2020,0,2,22,NA,2,OH,82,74,14,67,60,1695,15404,SLA,High Expenses,0,1,3
205443,Shawnee State University,2014,0,1,15,NA,2,OH,57,NA,NA,31,13,4964,5874,SLA,Low Expenses,0,0,-3
205443,Shawnee State University,2015,0,1,15,NA,2,OH,64,74,32,36,12,4658,5931,SLA,Low Expenses,0,0,-2
205443,Shawnee State University,2016,0,1,15,NA,2,OH,72,69,35,30,25,3972,6276,SLA,Low Expenses,0,0,-1
205443,Shawnee State University,2017,0,1,15,NA,2,OH,68,NA,NA,29,13,4080,7120,SLA,Low Expenses,0,0,0
205443,Shawnee State University,2018,0,1,15,NA,2,OH,70,NA,NA,32,16,3994,7103,SLA,Low Expenses,0,1,1
205443,Shawnee State University,2019,0,1,15,NA,2,OH,78,NA,NA,35,10,NA,7119,SLA,Low Expenses,0,1,2
205443,Shawnee State University,2020,0,1,15,NA,2,OH,74,NA,NA,41,27,4810,6335,SLA,Low Expenses,0,1,3
206525,Wittenberg University,2014,0,2,22,NA,2,OH,80,77,10,69,26,2157,10139,SLA,Medium Expenses,0,0,-3
206525,Wittenberg University,2015,0,2,22,NA,2,OH,75,78,10,64,59,1909,9894,SLA,Low Expenses,0,0,-2
206525,Wittenberg University,2016,0,2,22,NA,2,OH,78,72,10,68,62,2099,9701,SLA,Low Expenses,0,0,-1
206525,Wittenberg University,2017,0,2,22,NA,2,OH,72,74,9,67,61,2045,9907,SLA,Medium Expenses,0,0,0
206525,Wittenberg University,2018,0,2,22,NA,2,OH,70,91,16,62,56,1969,10044,SLA,Medium Expenses,0,1,1
206525,Wittenberg University,2019,0,2,22,NA,2,OH,70,97,14,63,58,NA,10582,SLA,Medium Expenses,0,1,2
206525,Wittenberg University,2020,0,2,22,NA,2,OH,76,92,12,63,58,1690,11452,SLA,Medium Expenses,0,1,3
206589,The College of Wooster,2014,0,2,22,NA,2,OH,89,55,18,76,70,2089,13239,SLA,Medium Expenses,0,0,-3
206589,The College of Wooster,2015,0,2,22,NA,2,OH,88,58,17,82,77,2077,13335,SLA,Medium Expenses,0,0,-2
206589,The College of Wooster,2016,0,2,22,NA,2,OH,86,56,18,76,71,2122,14018,SLA,Medium Expenses,0,0,-1
206589,The College of Wooster,2017,0,2,22,NA,2,OH,85,54,17,77,72,2154,14094,SLA,Medium Expenses,0,0,0
206589,The College of Wooster,2018,0,2,22,NA,2,OH,87,55,16,75,72,2132,14783,SLA,High Expenses,0,1,1
206589,The College of Wooster,2019,0,2,22,NA,2,OH,86,65,15,77,75,NA,16189,SLA,High Expenses,0,1,2
206589,The College of Wooster,2020,0,2,22,NA,2,OH,87,61,15,74,70,2128,16603,SLA,High Expenses,0,1,3
238333,Beloit College,2014,0,2,22,NA,2,WI,85,69,16,80,71,1410,15371,SLA,High Expenses,0,0,-3
238333,Beloit College,2015,0,2,22,NA,2,WI,88,70,14,82,70,1467,14395,SLA,High Expenses,0,0,-2
238333,Beloit College,2016,0,2,22,NA,2,WI,86,54,11,73,64,1509,14202,SLA,High Expenses,0,0,-1
238333,Beloit College,2017,0,2,22,NA,2,WI,85,56,11,86,75,1501,14241,SLA,High Expenses,0,0,0
238333,Beloit College,2018,0,2,22,NA,2,WI,78,62,11,79,72,1379,13757,SLA,Medium Expenses,0,1,1
238333,Beloit College,2019,0,2,22,NA,2,WI,79,58,10,75,68,NA,14145,SLA,High Expenses,0,1,2
238333,Beloit College,2020,0,2,22,NA,2,WI,90,67,13,78,68,1302,10644,SLA,Medium Expenses,0,1,3
238458,Carroll University,2014,0,2,18,NA,2,WI,79,94,35,61,40,4026,6015,SLA,Low Expenses,0,0,-3
238458,Carroll University,2015,0,2,18,NA,2,WI,82,72,27,59,42,3915,5883,SLA,Low Expenses,0,0,-2
238458,Carroll University,2016,0,2,18,NA,2,WI,80,71,28,63,51,3721,5971,SLA,Low Expenses,0,0,-1
238458,Carroll University,2017,0,2,18,NA,2,WI,79,69,28,66,52,3647,6717,SLA,Low Expenses,0,0,0
238458,Carroll University,2018,0,2,18,NA,2,WI,81,67,26,62,51,3678,7076,SLA,Low Expenses,0,1,1
238458,Carroll University,2019,0,2,18,NA,2,WI,83,72,24,67,56,NA,7579,SLA,Low Expenses,0,1,2
238458,Carroll University,2020,0,2,18,NA,2,WI,82,70,21,70,61,3656,7463,SLA,Low Expenses,0,1,3
238476,Carthage College,2014,0,2,15,NA,2,WI,80,70,15,61,54,3249,9053,SLA,Low Expenses,0,0,-3
238476,Carthage College,2015,0,2,15,NA,2,WI,77,70,16,59,50,3276,9508,SLA,Low Expenses,0,0,-2
238476,Carthage College,2016,0,2,15,NA,2,WI,81,68,14,63,55,3100,11607,SLA,Medium Expenses,0,0,-1
238476,Carthage College,2017,0,2,15,NA,2,WI,78,68,14,60,53,3046,10492,SLA,Medium Expenses,0,0,0
238476,Carthage College,2018,0,2,15,NA,2,WI,77,68,14,64,59,3025,9895,SLA,Low Expenses,0,1,1
238476,Carthage College,2019,0,2,15,NA,2,WI,76,77,13,66,59,NA,9876,SLA,Low Expenses,0,1,2
238476,Carthage College,2020,0,2,15,NA,2,WI,79,76,12,62,55,2927,10372,SLA,Medium Expenses,0,1,3
239017,Lawrence University,2014,0,2,22,NA,2,WI,90,68,19,80,66,1570,15289,SLA,High Expenses,0,0,-3
239017,Lawrence University,2015,0,2,22,NA,2,WI,89,63,17,76,63,1583,15827,SLA,High Expenses,0,0,-2
239017,Lawrence University,2016,0,2,22,NA,2,WI,91,61,16,79,64,1545,15139,SLA,High Expenses,0,0,-1
239017,Lawrence University,2017,0,2,22,NA,2,WI,88,62,18,80,65,1487,16435,SLA,High Expenses,0,0,0
239017,Lawrence University,2018,0,2,22,NA,2,WI,85,62,18,80,66,1474,18146,SLA,High Expenses,0,1,1
239017,Lawrence University,2019,0,2,22,NA,2,WI,87,69,18,79,62,NA,18723,SLA,High Expenses,0,1,2
239017,Lawrence University,2020,0,2,22,NA,2,WI,87,75,18,79,63,1459,19076,SLA,High Expenses,0,1,3
239512,Northland College,2014,0,2,22,NA,2,WI,66,57,26,46,41,620,9723,SLA,Low Expenses,0,0,-3
239512,Northland College,2015,0,2,22,NA,2,WI,70,54,23,58,54,597,9618,SLA,Low Expenses,0,0,-2
239512,Northland College,2016,0,2,22,NA,2,WI,77,61,19,50,45,626,11194,SLA,Medium Expenses,0,0,-1
239512,Northland College,2017,0,2,22,NA,2,WI,73,51,11,64,55,685,11848,SLA,Medium Expenses,0,0,0
239512,Northland College,2018,0,2,22,NA,2,WI,64,67,17,54,51,617,10831,SLA,Medium Expenses,0,1,1
239512,Northland College,2019,0,2,22,NA,2,WI,73,64,14,54,47,NA,9342,SLA,Low Expenses,0,1,2
239512,Northland College,2020,0,2,22,NA,2,WI,66,58,15,56,50,650,9262,SLA,Low Expenses,0,1,3
239628,Ripon College,2014,0,2,22,NA,2,WI,84,66,17,68,51,863,9719,SLA,Low Expenses,0,0,-3
239628,Ripon College,2015,0,2,22,NA,2,WI,93,65,13,69,60,810,13493,SLA,Medium Expenses,0,0,-2
239628,Ripon College,2016,0,2,22,NA,2,WI,81,68,14,68,58,813,12922,SLA,Medium Expenses,0,0,-1
239628,Ripon College,2017,0,2,22,NA,2,WI,71,69,15,68,62,774,12516,SLA,Medium Expenses,0,0,0
239628,Ripon College,2018,0,2,22,NA,2,WI,79,70,11,68,61,823,14026,SLA,Medium Expenses,0,1,1
239628,Ripon College,2019,0,2,22,NA,2,WI,78,74,13,67,58,NA,14479,SLA,High Expenses,0,1,2
239628,Ripon College,2020,0,2,22,NA,2,WI,76,80,12,67,60,828,13608,SLA,Medium Expenses,0,1,3
239716,Saint Norbert College,2014,0,2,22,NA,2,WI,84,78,20,70,63,2244,8114,SLA,Low Expenses,0,0,-3
239716,Saint Norbert College,2015,0,2,22,NA,2,WI,82,81,20,73,67,2291,9012,SLA,Low Expenses,0,0,-2
239716,Saint Norbert College,2016,0,2,22,NA,2,WI,86,79,17,73,68,2291,9314,SLA,Low Expenses,0,0,-1
239716,Saint Norbert College,2017,0,2,22,NA,2,WI,83,78,19,74,69,2249,10504,SLA,Medium Expenses,0,0,0
239716,Saint Norbert College,2018,0,2,22,NA,2,WI,83,80,20,71,66,2302,11302,SLA,Medium Expenses,0,1,1
239716,Saint Norbert College,2019,0,2,22,NA,2,WI,82,84,16,73,70,NA,10900,SLA,Medium Expenses,0,1,2
239716,Saint Norbert College,2020,0,2,22,NA,2,WI,82,85,17,73,69,2170,11129,SLA,Medium Expenses,0,1,3
240338,Wisconsin Lutheran College,2014,0,2,15,NA,2,WI,70,92,41,61,49,1507,8970,SLA,Low Expenses,0,0,-3
240338,Wisconsin Lutheran College,2015,0,2,15,NA,2,WI,75,90,38,62,44,1479,9460,SLA,Low Expenses,0,0,-2
240338,Wisconsin Lutheran College,2016,0,2,15,NA,2,WI,75,90,36,61,44,1407,8449,SLA,Low Expenses,0,0,-1
240338,Wisconsin Lutheran College,2017,0,2,15,NA,2,WI,79,80,37,67,50,1366,9319,SLA,Low Expenses,0,0,0
240338,Wisconsin Lutheran College,2018,0,2,15,NA,2,WI,79,89,32,63,43,1440,9065,SLA,Low Expenses,0,1,1
240338,Wisconsin Lutheran College,2019,0,2,15,NA,2,WI,76,96,30,59,45,NA,8731,SLA,Low Expenses,0,1,2
240338,Wisconsin Lutheran College,2020,0,2,15,NA,2,WI,77,98,21,64,51,1281,9173,SLA,Low Expenses,0,1,3
240426,University of Wisconsin-Superior,2014,0,1,20,3,2,WI,73,94,39,43,19,3181,7920,SLA,Low Expenses,0,0,-3
240426,University of Wisconsin-Superior,2015,0,1,20,3,2,WI,67,76,36,40,16,3027,8609,SLA,Low Expenses,0,0,-2
240426,University of Wisconsin-Superior,2016,0,1,20,3,2,WI,68,76,37,43,22,3040,9265,SLA,Low Expenses,0,0,-1
240426,University of Wisconsin-Superior,2017,0,1,20,3,2,WI,72,78,36,43,24,3168,8015,SLA,Low Expenses,0,0,0
240426,University of Wisconsin-Superior,2018,0,1,20,3,2,WI,70,82,34,36,18,3181,8143,SLA,Low Expenses,0,1,1
240426,University of Wisconsin-Superior,2019,0,1,20,3,2,WI,64,86,30,48,27,NA,8659,SLA,Low Expenses,0,1,2
240426,University of Wisconsin-Superior,2020,0,1,20,3,2,WI,65,76,25,43,29,3171,8741,SLA,Low Expenses,0,1,3
240444,University of Wisconsin-Madison,2014,0,1,6,1,5,WI,95,58,39,84,55,46283,14367,LRI,High Expenses,1,0,-3
240444,University of Wisconsin-Madison,2015,0,1,6,1,5,WI,96,53,37,85,56,45931,15121,LRI,High Expenses,1,0,-2
240444,University of Wisconsin-Madison,2016,0,1,6,1,5,WI,95,54,35,85,56,46350,16648,LRI,High Expenses,1,0,-1
240444,University of Wisconsin-Madison,2017,0,1,6,1,5,WI,95,52,31,87,60,46827,15681,LRI,High Expenses,1,0,0
240444,University of Wisconsin-Madison,2018,0,1,6,1,5,WI,95,54,32,87,61,47392,15500,LRI,High Expenses,1,1,1
240444,University of Wisconsin-Madison,2019,0,1,6,1,5,WI,95,57,28,88,62,NA,16766,LRI,High Expenses,1,1,2
240444,University of Wisconsin-Madison,2020,0,1,6,1,5,WI,95,60,26,88,66,47831,17029,LRI,High Expenses,1,1,3
240453,University of Wisconsin-Milwaukee,2014,0,1,6,1,4,WI,70,86,44,44,14,32423,8619,LRI,Low Expenses,1,0,-3
240453,University of Wisconsin-Milwaukee,2015,0,1,6,1,4,WI,72,73,43,41,14,31328,8829,LRI,Low Expenses,1,0,-2
240453,University of Wisconsin-Milwaukee,2016,0,1,6,1,4,WI,72,72,44,40,14,30031,9253,LRI,Low Expenses,1,0,-1
240453,University of Wisconsin-Milwaukee,2017,0,1,6,1,4,WI,74,74,46,41,15,28921,9036,LRI,Low Expenses,1,0,0
240453,University of Wisconsin-Milwaukee,2018,0,1,6,1,4,WI,73,77,44,44,18,31363,8644,LRI,Low Expenses,1,1,1
240453,University of Wisconsin-Milwaukee,2019,0,1,6,1,4,WI,76,79,38,44,19,NA,8796,LRI,Low Expenses,1,1,2
240453,University of Wisconsin-Milwaukee,2020,0,1,6,1,4,WI,75,89,25,46,21,30081,8496,LRI,Low Expenses,1,1,3
243780,Purdue University-Main Campus,2014,0,1,6,1,5,IN,92,59,26,73,45,42779,16568,LRI,High Expenses,1,0,-3
243780,Purdue University-Main Campus,2015,0,1,6,1,5,IN,92,56,27,75,47,43161,15821,LRI,High Expenses,1,0,-2
243780,Purdue University-Main Campus,2016,0,1,6,1,5,IN,91,57,27,76,49,44190,17968,LRI,High Expenses,1,0,-1
243780,Purdue University-Main Campus,2017,0,1,6,1,5,IN,91,58,27,78,51,45685,19065,LRI,High Expenses,1,0,0
243780,Purdue University-Main Campus,2018,0,1,6,1,5,IN,92,60,25,81,55,47412,19269,LRI,High Expenses,1,1,1
243780,Purdue University-Main Campus,2019,0,1,6,1,5,IN,91,67,23,82,58,NA,18762,LRI,High Expenses,1,1,2
243780,Purdue University-Main Campus,2020,0,1,6,1,5,IN,93,69,25,83,60,49027,18311,LRI,High Expenses,1,1,3
245892,Antioch University,2014,0,2,8,NA,2,OH,NA,NA,NA,NA,NA,314,12417,SLA,Medium Expenses,0,0,-3
245892,Antioch University,2015,0,2,8,NA,2,OH,NA,NA,NA,NA,NA,264,17585,SLA,High Expenses,0,0,-2
245892,Antioch University,2016,0,2,8,NA,2,OH,NA,NA,NA,NA,NA,239,22392,SLA,High Expenses,0,0,-1
245892,Antioch University,2017,0,2,8,NA,2,OH,NA,NA,NA,NA,NA,209,23572,SLA,High Expenses,0,0,0
245892,Antioch University,2018,0,2,8,NA,2,OH,NA,NA,NA,NA,NA,176,24618,SLA,High Expenses,0,1,1
245892,Antioch University,2019,0,2,8,NA,2,OH,NA,NA,NA,NA,NA,NA,6055,SLA,Low Expenses,0,1,2
245892,Antioch University,2020,0,2,8,NA,2,OH,NA,NA,NA,NA,NA,66,8928,SLA,Low Expenses,0,1,3
